4219,2902,7108,500,1901;
2563,2205,8028,9435,7617;
1569,7463,5066,3912,7793;
8046,401,4113,4482,4088;
1310,2716,8653,9233,6629;
3223,5420,8034,4495,2861;
5194,4234,6225,6898,8974;
8281,2553,3646,8110,246;
4694,982,4255,4605,5858;
1831,2347,4488,2996,1919;
743,9563,5665,4221,281;
4771,5142,6660,4890,1029;
6662,6534,1685,1039,4338;
1842,2850,8992,6536,6691;
6317,2965,8929,5006,8735;
8404,937,8103,2906,2909;
2492,2596,1285,8152,7229;
3898,5716,9300,250,9308;
9100,3102,1491,5617,5015;
9018,869,9743,7304,2852;
518,1292,7754,902,992;
3356,8730,4777,3925,6817;
5610,3362,7143,7648,4645;
8691,8091,771,9977,8484;
1718,1646,8356,9236,9194;
899,1363,2488,3702,7998;
4655,1458,6603,8793,4350;
9801,8643,4155,8763,2038;
5962,2887,7726,4585,82;
1531,3758,8871,8356,7518;
3942,3964,7872,9645,4665;
6781,7127,297,8164,2445;
3779,4396,9081,2740,3661;
3807,8348,405,9087,7065;
818,5641,8521,1548,1600;
6309,5929,6550,9956,5475;
4435,1809,8775,3191,1668;
5419,7512,4931,7309,4413;
297,37,9793,9467,8512;
4313,6908,8458,4076,2094;
7321,4665,3593,6220,6418;
1295,8241,2716,587,5579;
9961,3181,3938,7549,3983;
5770,602,1585,999,6800;
5693,5980,6197,116,1179;
9352,8245,1231,3622,4979;
8350,2364,8872,3323,271;
1234,7787,9537,6747,4212;
5590,7786,3865,2291,936;
5116,919,4329,7161,4873;
9107,6838,303,5943,2775;
215,466,6705,4546,3380;
9585,3175,2417,1939,6576;
7093,6456,5882,4110,874;
5149,2493,9607,4091,2855;
2620,3122,8553,981,1356;
4529,4180,9026,5352,4654;
8982,2082,2475,6620,6972;
2041,1384,8770,2197,2122;
9277,4324,7279,7093,6664;
4137,47,8481,3079,344;
2054,5811,4,8590,8530;
5713,5376,9122,7236,2240;
7518,2966,2244,6166,3509;
8281,1545,1741,7337,3753;
6049,4571,1931,7729,6831;
2945,8338,8604,5429,1992;
5780,8126,7405,8403,849;
471,83,7762,5715,6958;
1541,1129,5910,4889,2966;
288,5801,8682,2587,4857;
1759,9924,5950,1321,9688;
9295,7085,8303,368,3764;
9606,750,1077,5170,6711;
5753,1546,8029,881,9372;
8671,1638,8952,8693,7418;
2326,9334,2409,5222,6729;
7235,3689,5976,2993,4953;
4140,2012,2140,9525,9511;
1028,5267,5582,9622,2319;
4069,8487,9878,851,7555;
4755,21,488,7479,7176;
9077,8533,4091,3599,8646;
2923,2521,263,7077,5601;
5373,5159,9289,8977,7505;
2805,9363,6925,3749,9186;
205,1001,3623,8545,427;
6425,1604,5933,8884,465;
66,7614,2672,7092,6044;
3187,5834,640,484,3475;
4480,4010,9482,5515,8414;
9044,1858,9180,5840,5077;
2764,6725,7211,4238,3740;
6205,8985,2193,5295,4306;
2690,7192,2903,208,379;
1622,4011,8891,3657,8293;
5752,5651,9820,6747,6002;
8750,6555,6807,4909,5066;
4632,5475,4733,9384,5698;
1949,2272,1439,109,5094;
5634,7793,7390,2724,4201;
7836,5776,7477,1962,2715;
6190,2476,5527,5597,1680;
5396,726,4607,9356,332;
615,3028,6461,8086,3240;
4831,8649,218,8953,7142;
1535,953,1202,1438,4717;
454,2917,270,1761,1776;
4114,7550,8885,2136,4242;
9533,8455,558,5410,4518;
5695,7388,5822,7363,772;
7684,3443,2152,4206,6484;
1112,6918,5603,6738,7068;
6564,1252,5531,4142,950;
2690,4343,2725,9063,2005;
8965,5132,2179,8795,1736;
7895,3424,7917,950,2173;
8147,9816,1198,6982,3078;
1734,8670,3495,2873,3390;
3558,5710,8470,557,515;
4220,9917,9573,3719,1414;
492,8618,1539,4919,7323;
5496,6654,995,7613,348;
9432,8307,1290,4024,3241;
9975,6780,530,9319,455;
5934,7251,3419,8901,3722;
9191,9144,3163,7645,5564;
5784,7537,4592,4443,419;
4064,5064,3258,2783,8108;
8127,7289,5545,219,220;
1960,787,739,6833,6355;
7275,5507,8534,4720,3151;
8887,3250,9231,4514,5478;
4512,8280,5346,8990,918;
6116,7426,7543,3443,4850;
9945,3678,8768,1897,4686;
4585,9106,4964,9296,7681;
4406,6176,543,8573,9937;
3208,1501,8434,8067,3337;
9216,4185,5998,5812,47;
211,250,6393,3322,5720;
6872,1564,9516,2914,2298;
8486,2661,9141,9958,6566;
95,7425,7835,8465,9189;
1466,7876,2192,8611,7513;
5391,1815,9626,5761,4499;
2668,5785,1831,6431,8276;
6217,2417,9187,1385,1597;
8086,6634,4059,2858,7709;
7729,7175,6407,5356,5492;
8248,2217,264,1760,41;
16,880,2553,9764,7666;
8308,4223,7439,9075,1862;
8994,8127,9593,1144,9217;
1400,7638,9451,9110,4585;
9673,2167,7555,5287,245;
5459,3420,8974,8000,1756;
6845,6741,7976,7033,2531;
713,405,7952,8076,8184;
7005,5249,9893,3052,2494;
9101,7984,7145,6874,8700;
8203,7953,1962,4367,5365;
7966,2863,2950,6101,8300;
9448,8118,6431,3397,9487;
8887,5698,8669,5248,5311;
2179,2537,306,2511,9534;
1172,1014,4420,8394,1743;
3200,1200,3725,5943,9892;
6899,1029,2508,4745,8780;
6757,1875,8308,5070,2140;
2273,7339,6526,4011,4069;
7450,6961,8415,8881,4400;
902,670,5171,9182,1669;
6080,6464,6486,3699,1957;
753,84,3403,6209,9394;
2036,8210,5016,5551,1040;
48,4451,8517,9282,7025;
2490,1696,913,4685,2440;
9046,4162,8954,3719,5570;
4171,9781,2999,2669,7447;
9324,3121,6233,1650,1344;
6590,5238,723,8715,1028;
6950,710,5834,4285,1487;
4828,5325,3847,4621,8826;
8984,6009,7399,516,2761;
1020,5772,3166,6760,2559;
7908,1681,6333,4992,3153;
8720,2505,63,9492,509;
2954,9580,2605,4369,3008;
100,2297,7071,1733,103;
4079,8190,6176,6124,3667;
805,7740,6582,91,4871;
9386,9269,5755,958,6517;
6913,5555,5733,9861,8346;
9562,4570,1985,7175,6293;
1226,6732,2942,2503,1769;
6615,7877,1286,8555,5288;
7818,5156,6780,5658,2717;
12,4751,1430,1024,4492;
8499,9721,5878,5109,4144;
695,5212,8854,2955,8570;
988,8530,9828,2768,5977;
5504,6212,8781,1706,3374;
4671,1839,803,6882,2790;
336,2070,5723,5965,2307;
3842,3884,532,6532,2100;
5211,7763,5348,6949,789;
167,1317,4764,863,2148;
2295,5039,8048,9828,3707;
2344,4664,7399,7872,7100;
3434,668,9675,9006,7536;
8220,3428,2923,9500,2988;
8866,2286,2972,4906,1132;
9148,9531,8927,1997,5140;
446,3131,5765,6851,5271;
8180,9668,8176,7441,7370;
914,8489,7810,4458,4125;
8033,5279,4833,6961,990;
178,985,3604,634,7288;
7961,3416,5571,4597,1771;
6687,7995,2067,6371,7192;
8899,3269,2814,6393,4234;
4788,8832,2189,3860,4457;
8065,8683,3588,4435,7003;
3143,3582,4560,4222,1397;
8755,3304,6779,4270,1871;
6728,6294,9650,9509,2798;
6044,5206,8984,6738,2080;
1133,1479,7150,671,6032;
9289,8958,2638,1711,9472;
7667,6175,1351,4287,5236;
2380,7442,7153,4530,3288;
6034,4842,8266,8132,9822;
7270,491,1674,5913,2887;
1378,9100,4965,2178,621;
9954,7210,9374,3254,2657;
3031,7473,8380,2754,2428;
984,4330,3323,713,876;
8528,6399,9311,5432,6036;
8167,3566,6810,3022,2396;
5731,609,3299,7216,8144;
4516,9955,88,5643,6784;
9294,509,7269,8867,5908;
1431,5262,6941,7789,7378;
5799,8133,5394,7635,4665;
8717,8004,1164,7573,2036;
7231,3683,6731,2571,3742;
5804,5777,6217,4739,7680;
5198,3476,7622,3184,6287;
9539,5773,9256,752,555;
8373,2675,9709,1983,7110;
2884,3626,2987,1787,1709;
6681,6326,7017,1972,5969;
1169,9751,4704,2209,8190;
7605,6594,8279,9150,7276;
3811,4361,5599,6238,1468;
341,822,3576,2279,2456;
7165,194,5948,4956,9084;
7520,3005,314,6291,6967;
7699,6771,8384,1336,214;
5632,6251,2325,9572,7834;
7056,814,7968,9182,8243;
6440,8424,5032,8835,3007;
7952,9582,9265,6873,513;
8941,2621,6182,2226,6895;
867,7469,5009,3460,4514;
2252,8754,3318,4885,3430;
4257,9454,2549,2592,7491;
3358,1824,4471,7819,9753;
6498,1461,2172,8681,9267;
891,7184,4410,6212,9075;
3440,332,7428,8980,7785;
7571,4083,8616,8106,1609;
2699,7862,2114,2344,7180;
6429,5076,1732,5418,92;
2001,1794,3631,7400,8823;
5368,9533,3172,7558,1981;
4927,4187,1753,106,9127;
1303,1659,7911,1291,7050;
8346,1374,2422,9166,360;
9971,4304,2653,3552,2886;
6092,1575,8288,4830,9766;
8328,3940,7398,2424,5953;
8902,8889,4956,7284,7118;
4873,5240,8373,5132,9239;
1080,7755,2779,2593,2616;
8399,7426,5090,6278,5290;
8230,3000,3761,8973,1029;
4471,3559,5757,156,7882;
934,7648,7359,7707,6648;
7836,2843,7388,47,7142;
5484,8157,7872,3379,9763;
9692,9089,5820,6969,5324;
7828,9644,8557,5490,8863;
3270,8090,2917,5782,2583;
2997,5765,2802,7304,1964;
4913,2,6467,1283,3292;
5086,9401,9839,2853,2806;
3523,7262,246,5037,458;
2032,569,9613,1044,1442;
2875,8810,4597,3961,4521;
8710,7607,4849,77,1054;
3730,1435,888,643,79;
3290,7253,6711,2556,3613;
4529,4854,8061,8674,7825;
8781,831,4124,7961,856;
7221,8810,7626,4933,8585;
140,3737,7233,8070,8710;
2494,3283,3700,7788,1683;
9937,3339,8684,2026,3108;
2997,9554,5735,2660,7266;
1657,6693,4893,8514,2087;
1444,2752,1536,2524,3312;
2232,906,359,908,7157;
2119,5540,4798,4234,7594;
939,9719,9980,4050,5187;
2398,2335,1648,387,1160;
7606,6255,5670,1750,9238;
340,1831,8620,8745,1943;
9429,9570,268,4551,7673;
1491,9695,9026,6678,775;
3756,7587,5151,8223,1885;
3674,4103,639,4508,8903;
7165,553,1177,4616,3698;
4756,5955,7634,1100,3837;
2352,3874,930,9754,4990;
8377,6999,3519,3220,1217;
6584,1237,9975,9290,6517;
9728,1184,851,2362,2298;
1551,2320,3163,2440,1873;
8194,4973,246,5384,2786;
3787,4420,9948,6296,4168;
8036,4471,4943,2798,9214;
7969,9377,8223,6182,7643;
5033,5169,976,7425,2246;
7985,9509,1179,7885,6064;
8962,1654,4382,8474,3439;
3845,4838,862,4906,3889;
3170,1992,7954,8670,2027;
660,2633,7496,2186,4064;
6995,6516,8952,9162,3047;
9752,5543,564,3699,5560;
8057,3755,3168,1467,8307;
3453,6692,1594,1439,9852;
5702,2691,5110,9826,7510;
7731,556,9024,8826,3389;
3774,5654,7538,2670,3748;
1923,3181,6556,1576,9948;
6053,6324,3852,7238,5040;
3139,9209,7870,6121,9680;
9900,7468,7638,1641,1449;
3527,815,5920,9552,9790;
3806,2623,5181,2498,9190;
85,734,2642,5830,6790;
3131,6397,6399,1625,5218;
4539,3985,4954,9179,88;
5548,3871,3271,7979,8837;
1656,7497,7559,1664,561;
4919,1252,9249,2235,1361;
4666,8183,5520,2283,7791;
1336,7452,3786,1346,1406;
4425,4498,5008,5303,463;
1153,2469,1888,2526,8727;
6864,4037,8298,8261,4808;
3839,7717,1341,5920,8263;
155,436,3649,8839,103;
1958,4411,972,2737,2539;
5166,1977,8197,489,8709;
2783,290,9548,9812,9952;
8799,7215,9129,1529,6833;
9055,4316,6686,178,692;
5545,298,5000,3923,2141;
7770,3512,7877,7159,1399;
5447,3911,291,8666,2144;
3849,9052,6686,19,7092;
8176,9919,5088,871,7085;
5683,6003,3281,1164,9216;
2401,8525,3640,1862,1883;
9981,9522,3903,498,439;
2924,2390,9349,4685,8446;
4966,8737,4863,5543,7178;
450,7661,7317,3220,966;
554,1469,6591,2356,4688;
5910,5115,8500,8952,1416;
6917,4944,2169,5010,4584;
423,8879,9103,7622,6115;
9244,4971,9348,2705,4800;
1415,1217,3542,5384,5401;
9340,5608,6126,6202,118;
6751,220,4136,2797,2916;
688,8111,6574,533,2080;
8213,3563,804,1721,7749;
190,716,1852,3518,12;
6840,7950,6207,1681,3212;
3141,1014,3219,309,4464;
2381,6272,1099,2925,932;
5938,6376,9273,3196,3868;
4750,7488,4318,4276,8524;
8107,3948,9835,8403,1344;
9570,5569,6647,4039,9236;
882,5506,2176,5980,5962;
4611,4090,5746,4173,7382;
8998,3938,8375,5276,8227;
5499,5583,3573,9073,6776;
2982,5,4869,3315,8011;
5430,4473,3878,958,5980;
6270,8241,7315,6810,8926;
1128,1732,1647,9111,5985;
1665,2124,4906,4394,3999;
3453,7348,2779,5986,8269;
548,3962,6259,717,8578;
4710,8533,7574,2986,5776;
3641,5948,8321,9797,9462;
3564,5986,8120,8887,2350;
1007,2574,3508,7243,9167;
9810,7359,5689,5814,1006;
3353,4513,4764,5836,3508;
8486,8142,840,2913,9002;
2538,2253,9558,6488,2807;
9315,8053,2991,5167,3152;
7033,9639,3540,3839,4722;
8338,1383,7089,482,7551;
2294,8526,877,6187,8689;
2314,5254,961,4288,8612;
3066,8968,6775,7710,9072;
1768,7603,8850,6151,8594;
6274,5466,8880,6646,6031;
4853,2911,6776,3040,9921;
4209,7129,5604,3141,9225;
197,3440,197,8527,4441;
2932,8158,2035,7622,7679;
9662,1095,9073,3342,2445;
727,9079,8422,9677,2813;
4521,826,2750,2742,8192;
5283,3573,7845,7968,9026;
6998,9768,1374,1222,1436;
7972,2423,9053,6663,3408;
2353,1872,6991,5966,9942;
8803,7324,7519,1956,4722;
8407,2033,3177,4731,1560;
2280,2344,4114,3879,6775;
9446,9471,7272,5687,3747;
363,3439,3134,1062,5520;
9766,7052,8874,8724,8734;
6315,8494,9652,2239,4964;
5990,1284,2072,8214,2595;
5699,9327,3155,9170,2387;
3204,2496,2417,6783,9267;
2140,718,7172,7936,834;
2655,2905,7161,5034,5907;
1161,5863,3912,7142,8105;
6240,8958,1681,8593,3310;
1581,5501,9985,3093,3408;
1036,4081,2742,505,9942;
7880,9979,6587,1544,4469;
2776,2534,2852,5537,8869;
5257,514,2209,6549,7912;
9166,7844,2991,4032,6176;
8710,8356,8085,3351,9738;
4229,9758,5875,9138,9178;
3454,4552,1636,2319,6964;
9787,8677,7885,3660,9600;
1130,2204,4601,4393,5443;
9322,9664,5030,3991,8604;
4961,5400,2512,6618,1951;
4866,4924,6825,5460,3088;
876,7637,9021,2553,4677;
4826,4265,4613,1445,6300;
9028,6373,6326,8912,1735;
9385,5402,9482,68,9782;
7793,8199,373,3284,9316;
8443,2071,2368,4473,1156;
9069,6653,8983,5899,7888;
4999,4968,8793,5604,4102;
8097,8972,1708,3298,9826;
1607,689,6476,7869,65;
6633,8358,3463,6983,356;
658,995,5858,1723,6125;
2734,9420,7482,8884,9698;
4458,3754,8857,3379,2058;
4308,8215,7568,6108,5516;
3095,6995,1718,3986,9725;
5209,8930,7635,603,2351;
3114,7303,3742,8258,7544;
4401,3319,8704,9741,8377;
9189,7670,8923,7226,3208;
9452,2414,933,7074,7073;
1830,6255,8556,7952,9163;
5004,851,5378,3191,1707;
201,8220,4126,5659,3534;
4324,8386,4280,9955,514;
7974,997,3982,7342,3057;
8352,6088,4668,6079,9041;
8187,6530,1158,4102,4374;
8325,491,2995,4726,8087;
95,9128,2716,3626,1655;
4341,6304,3779,5114,5292;
5328,6696,7912,6214,8301;
8242,6377,4292,7364,3483;
3646,4371,6664,7372,2574;
9990,609,6079,6693,5245;
2181,5281,5801,6985,7106;
2200,6863,516,4860,3934;
8401,7753,3729,1776,8857;
9424,9149,1121,9393,2917;
5979,7253,7216,4547,626;
4006,6025,1574,2596,3277;
730,9617,4763,3246,8926;
533,46,1545,636,734;
997,2335,4554,7068,8162;
9118,477,1492,6122,3986;
2601,3444,580,7366,9296;
1316,9114,4962,6931,1156;
9170,8124,3712,6553,643;
544,7789,6446,4748,9850;
4763,1299,1790,4826,3885;
3094,4926,3612,8521,8083;
6795,6535,4783,645,470;
6217,7128,6255,8782,857;
8570,1100,6344,1733,9012;
7294,2637,3089,8125,8800;
7087,2815,1424,5134,9085;
2607,2062,4790,7522,1962;
1858,7867,4083,4071,6326;
1003,3656,6870,544,4940;
7576,4608,7952,7176,2848;
3694,3201,799,6779,5576;
1443,3343,5399,3706,6900;
2288,6204,3205,6526,7531;
3897,3951,1198,1191,3803;
7435,897,599,6402,2858;
9189,4453,218,8671,9085;
7651,2054,3792,4930,9306;
4168,9933,1078,6987,908;
3668,1158,2799,2949,4244;
5874,5752,2344,655,6259;
476,6422,1279,3649,7870;
7181,8616,1573,2519,149;
4259,8146,6353,9355,2847;
2834,3734,8808,9224,7031;
8863,73,4083,7697,5845;
8093,5688,413,5270,3872;
4843,9808,9389,8492,4981;
8363,9618,1647,1186,6375;
6905,2666,8485,1244,1031;
5864,3309,3253,2159,2285;
532,1417,6374,2914,2610;
750,9538,7902,2636,2690;
838,9715,6268,4487,7972;
8973,1864,104,6304,9138;
4234,3902,4562,9592,1246;
9773,4488,7294,4561,2168;
7410,60,1093,5893,6251;
3877,8483,674,3347,9487;
6796,1982,6661,9915,4693;
2157,2443,9421,8692,6413;
4967,6597,4522,8838,617;
3204,2177,2074,954,3791;
1204,9569,2956,9600,4452;
7025,7708,2721,2571,7867;
4965,1629,2729,1088,4780;
2755,9555,5762,4925,3544;
768,504,4050,2147,2381;
8426,6696,9711,6464,8259;
3361,4398,1994,5365,4276;
8772,6342,3947,535,8354;
256,1737,711,8634,1453;
8982,857,8913,2808,1266;
799,8006,146,6959,6340;
115,7216,1344,1807,4481;
7383,2634,7048,2891,5947;
2095,7671,8650,9525,1096;
3915,9812,1423,7250,6405;
1513,169,1753,9071,2131;
8820,7515,3958,9917,3274;
4973,9995,5230,3706,7399;
1786,6675,7212,4655,2219;
6151,4626,529,5374,602;
1699,8883,1166,3339,4354;
3843,9658,9296,841,2788;
9655,8679,2786,8385,1455;
8761,2185,2048,3282,4093;
8368,1802,4270,7206,6437;
8813,1257,2822,7421,5131;
1961,4601,2329,374,7804;
510,823,6523,3479,7495;
1263,1363,5811,2705,8599;
8023,7330,2463,6390,8852;
1227,1993,3223,4782,3924;
2289,5382,2079,8500,8151;
6211,2463,427,1082,9911;
261,1789,9861,7822,3024;
421,6245,9661,1778,1227;
5352,9878,3001,2663,3665;
2795,4230,3929,5172,726;
486,2593,1268,7711,6638;
7299,6169,7245,8524,4871;
8960,5724,6637,6597,1820;
9603,2848,7196,842,9526;
8646,7643,759,1627,1262;
4848,1558,668,5015,800;
8337,479,6804,1860,8560;
4255,8199,9899,6679,1840;
5240,2162,1127,500,2379;
9729,1794,9674,3220,7795;
2293,1388,9932,4489,9529;
1252,2196,4035,3994,9019;
3705,7093,8332,4007,6295;
763,2203,8636,4456,267;
6396,7915,8164,2051,8686;
8874,576,4862,6254,5599;
4442,5874,5092,2945,6752;
5199,1736,1488,9053,6903;
285,5485,2523,7426,8644;
8066,7977,1290,2301,8123;
8247,2772,368,6075,1065;
6688,3701,7685,4715,9568;
3983,959,7282,214,2711;
4318,4810,7371,7528,4674;
4087,590,9737,9504,581;
5077,775,1858,6205,7468;
9005,2073,6020,2296,5804;
1138,9512,7770,182,6242;
4002,2233,8735,2996,5976;
9930,4703,2159,5934,8913;
2619,3685,4914,8114,5598;
7176,2591,1317,6721,5895;
7293,7665,6777,9862,7280;
8435,495,6214,4852,5913;
2952,7985,4007,926,7957;
2845,5003,5805,4397,3878;
3872,3342,7635,3723,1915;
2040,9254,9305,7634,2195;
8408,5115,1299,5925,275;
2338,3320,3111,6233,5613;
2222,6856,3726,3622,8775;
7555,1820,2518,3892,1666;
5071,6794,1667,4548,6076;
8190,2556,4781,2143,9838;
7633,3697,660,4638,3358;
6430,1495,3563,8021,8131;
9101,2798,7803,7197,5759;
5359,443,7936,1579,129;
4386,6865,6169,4429,1252;
1761,6922,8171,7348,5259;
8011,3720,1402,3325,7954;
5913,2038,3590,3416,6399;
2990,9147,5791,8207,3718;
4916,8632,3806,3967,5976;
7006,5715,6638,4937,9508;
3778,9207,6557,7681,2705;
1472,8135,8432,6015,7597;
1962,3033,6062,4531,4044;
2267,1159,3874,1983,5452;
5807,4966,3274,4535,1844;
9656,2050,7332,769,6915;
7687,8315,7677,6754,1276;
3532,2598,5373,5760,2811;
4170,7363,4571,9371,6120;
43,852,5895,9484,3431;
1812,6588,9204,3827,4159;
7767,844,2774,2271,2902;
9853,9184,9295,1824,8732;
5687,77,197,822,4505;
7986,6741,2086,160,5896;
432,4046,3779,6765,8099;
5098,1951,9793,8932,5716;
7847,449,1866,745,8093;
2946,1788,6662,7158,8520;
5219,909,6980,7165,9491;
7742,2520,74,473,1588;
8564,9264,8707,6066,6565;
6956,6921,6192,3125,6673;
855,7148,2690,1484,769;
9561,9719,9899,6990,3344;
779,862,5712,6055,5838;
3029,8965,3448,3381,3814;
8082,7731,4202,2766,1886;
4928,4467,6257,2570,369;
8760,3633,7566,5377,2609;
8206,4819,3533,5373,6220;
7965,7991,9136,3366,4434;
8980,9668,2936,6057,63;
9103,4018,4035,9918,2447;
411,3252,4554,6226,8097;
1697,7667,9005,1500,5013;
810,4623,3537,9947,7581;
6739,6877,9342,9475,3184;
1128,9274,4092,1926,3723;
3934,1922,7863,4256,9783;
282,1255,6751,2985,6152;
4124,2622,6183,1540,921;
2977,3701,7514,5461,7931;
234,490,2092,3487,2408;
718,2666,4862,4773,410;
419,2414,9707,2040,2192;
1950,3026,8973,8659,2040;
3943,2399,4288,9324,4753;
8916,9602,3472,3221,4308;
5131,3517,630,8655,6978;
8541,4465,9348,6443,600;
8800,9536,1673,8646,2967;
443,8295,9362,3944,8011;
8584,5635,2217,8731,1452;
143,3195,6456,5715,4306;
1207,7605,1804,717,6958;
1615,1260,6563,6062,5395;
1474,6954,208,1284,8582;
7360,8742,5360,86,8020;
4594,9695,5180,8082,3808;
2826,7461,3790,6306,9313;
7945,8285,9179,7542,1405;
1559,1539,2842,1912,6983;
1100,2639,2,9976,8124;
1876,2317,3637,1921,2791;
4049,2148,6999,6678,1206;
2340,9696,6325,6336,6029;
8780,5467,8927,1895,4269;
7558,3065,6935,5814,8603;
941,4622,5318,7553,3341;
4682,2515,8932,1614,2757;
271,365,1825,1569,8098;
390,2280,8193,9738,881;
7083,9064,29,238,270;
9880,3196,8339,1603,2730;
4883,8357,7959,8146,664;
6995,8080,588,4560,4134;
4058,1268,4091,7267,9460;
8527,7747,6102,2183,8416;
4394,5670,1727,489,6354;
5171,8392,1218,6847,6354;
810,1777,1118,2085,4197;
4213,2676,3544,8278,6981;
7909,9505,6062,8248,4128;
6562,8104,811,7339,9025;
1286,7274,8051,6376,5802;
5109,6647,1273,2004,1258;
3281,1340,971,4289,1002;
2340,5587,4595,562,5122;
2699,6041,5354,8076,4217;
8495,7750,1396,4215,8638;
7081,8590,9210,6170,1511;
6943,7523,7635,4618,4115;
7738,6707,9496,398,3128;
8218,912,1493,4835,7895;
9732,7937,7234,1776,6303;
8472,3364,6298,7521,8602;
5328,5908,7476,8214,963;
5046,2466,4281,6259,7550;
5989,1236,5505,8504,9100;
3791,1039,6588,2016,2226;
3815,4925,1728,8747,220;
9767,684,9772,7410,4918;
2987,3847,1548,5741,1825;
9384,4205,6462,4045,8110;
815,8577,4837,9077,4860;
4895,6815,1860,9450,5608;
2681,1627,2996,6568,8607;
9891,5770,4123,2919,6231;
740,7677,1608,5030,1010;
4661,1940,375,8046,1284;
3739,1411,5049,3736,1006;
9257,2688,1097,9149,9245;
7397,303,874,7615,6900;
6521,2941,769,6337,7567;
4728,81,5787,3307,7036;
9029,1609,6589,2273,878;
4311,7858,2569,7700,5265;
2330,8359,9325,9788,392;
6462,2605,8822,2276,3871;
8994,1425,6010,5989,40;
5645,8479,2863,628,9767;
6232,8001,260,305,8024;
9198,7988,4413,4876,4446;
7476,8313,9564,436,706;
8154,7217,4125,1221,6344;
5237,8428,2334,3079,1247;
5191,9955,4252,1884,6236;
1647,6304,6781,3302,2309;
8164,9842,3739,923,9811;
7020,8987,8208,3842,2363;
6915,7436,5732,7933,2812;
6652,194,4959,5027,1342;
5967,2276,1760,1496,8017;
1829,6047,6091,6544,3037;
241,4893,1610,4200,3116;
6446,7243,1522,6646,4751;
1201,1951,5799,6595,5124;
473,5526,4052,3209,4781;
2687,8955,9592,4657,7555;
783,5930,954,9740,61;
9678,62,6095,4754,2594;
1531,2864,3208,7996,4463;
303,6201,2520,5156,9114;
8297,5631,2838,8772,3872;
4871,7903,3943,6339,3688;
9452,2762,8621,1891,2786;
8514,1840,5611,6588,894;
3983,2639,4087,6618,967;
3291,4310,1679,3099,1132;
7459,9764,2269,4914,6621;
7630,9156,4127,3019,9291;
8909,1535,8958,4242,7739;
9040,1437,3562,3319,9396;
4607,1105,9685,6362,3667;
8743,8783,3677,2511,2583;
8285,1491,9083,4949,144;
9384,6624,8117,8186,4580;
6059,1190,6336,7748,6223;
819,35,8951,1553,8073;
6160,1332,1435,9274,8942;
5590,8918,7650,9354,2540;
6554,7882,1323,9056,903;
6858,7787,7569,5271,1836;
9970,2229,5926,1029,1744;
4470,8230,2106,848,9065;
5232,120,2687,5550,3552;
8623,3645,4347,425,4764;
9574,1809,5982,9275,219;
6741,2185,3314,4164,6652;
9898,4858,9039,9968,4240;
117,1314,9911,8568,677;
2434,9421,3363,3230,4446;
3405,1783,1522,3019,2757;
1157,2202,5953,1106,6577;
4900,6810,1751,6318,8172;
3484,8231,4178,4562,7329;
6219,7209,961,5025,6367;
3721,9201,9718,4145,5887;
3058,259,9000,399,4101;
6632,9290,4045,8933,2114;
7984,5921,9581,5290,1310;
4650,40,6040,1138,2617;
4324,2913,2937,7350,4865;
253,5684,665,1207,2257;
4300,2638,8025,8948,7204;
9804,5751,1656,676,3314;
2326,623,572,363,6028;
3674,3936,1638,9185,7077;
1839,6788,3863,5883,6340;
9112,2041,7370,5016,4320;
293,4824,4082,1842,6328;
6786,7434,3589,9924,8476;
9745,9388,9758,2839,1740;
1035,3142,29,4830,6243;
3708,586,3557,8003,6333;
8027,4057,9479,7165,4994;
220,8141,6256,8958,8943;
3289,1870,1911,9757,3921;
4504,9017,2633,5995,6583;
8182,9058,1469,616,9203;
1617,1060,4111,4329,543;
7363,4907,806,1977,1902;
1722,6378,7236,3288,6507;
7546,9187,4711,7242,5751;
7291,4913,8646,8386,9664;
5138,9887,839,2184,2355;
2100,5943,9303,2435,1452;
1756,5876,7091,5076,8827;
3365,6797,8256,4184,5943;
9128,8048,1180,4897,6919;
8026,1281,4869,5757,4969;
2576,8521,3509,2257,3713;
4947,5446,1243,5193,4013;
7634,4443,2199,7584,8186;
6785,7821,5629,4196,8263;
595,2017,2723,8226,4037;
1635,4913,4003,5056,7077;
3688,9462,7150,9440,6959;
7126,54,1665,8443,6560;
9646,6065,1490,153,2943;
8830,4308,9293,5115,5886;
1127,4932,4830,4521,3899;
1390,2709,551,5830,3332;
3754,486,4886,3850,2427;
6799,1423,7805,7124,1944;
7802,6855,4801,2496,1024;
2070,3676,923,8014,2597;
24,6813,8240,1361,8008;
9087,9687,8692,5999,2191;
3941,9152,18,1169,640;
6626,203,7416,3053,6340;
1574,1919,2561,5007,2137;
5880,9008,9311,1852,1278;
3627,3054,3146,6223,4474;
2088,6579,3956,2682,4229;
2882,4504,2654,3035,6065;
3615,9204,9660,533,403;
1387,6964,1744,8856,1277;
3157,609,7347,7369,5380;
6788,2942,8516,3382,3316;
2088,1131,9767,9449,7584;
8266,1713,5095,355,6419;
7993,9212,701,9929,5926;
1818,9682,1140,4080,9703;
9993,5408,9614,5627,7212;
8682,8726,5320,138,6504;
7563,7832,359,1716,4270;
2745,1599,2527,7075,4797;
145,5945,62,1575,9937;
8467,2060,9816,6353,2271;
9153,5646,281,5807,4334;
9141,4423,9632,5635,5314;
9509,4492,1743,6015,5955;
6997,1285,1575,2571,3228;
4807,7912,2723,2319,8615;
4916,1653,7512,5183,5083;
3502,8963,6346,457,8294;
1995,1137,1672,8126,1741;
6931,2156,7119,7902,7162;
6068,9494,809,9738,3448;
8340,5298,6701,9655,4199;
5102,6914,4551,466,1714;
9296,9700,4308,7607,7653;
9847,988,7275,6343,6497;
6638,7729,3385,5331,3601;
148,8300,1699,7550,6779;
773,2794,6137,8394,6546;
8476,4855,9129,2254,2781;
2048,684,8548,7913,2081;
7050,5506,6868,9815,8079;
2116,9646,8130,8283,648;
8963,6701,1772,5420,7854;
910,1820,2662,6162,5713;
6302,8500,4716,1655,9575;
8378,6499,6699,191,2589;
3449,7326,4973,4756,532;
302,2563,172,3853,1977;
6223,6631,958,1273,2577;
4150,3399,8541,5396,4285;
2357,4486,4956,2144,5948;
4004,5493,4210,9066,8768;
40,6108,6568,6170,1341;
4063,2380,4186,9489,3755;
4399,9890,2912,9809,71;
6933,8805,9551,7206,2796;
2357,6817,5084,4022,8163;
470,5976,4778,2943,306;
6336,2109,9063,6506,8004;
2780,3284,5496,3911,9227;
4508,9409,8355,4177,9047;
1077,6500,5713,3528,3359;
2091,5778,351,1892,8182;
3215,1254,9913,5213,1519;
4258,3936,9531,8270,4645;
6942,3768,5726,9044,2157;
7994,5826,7850,5522,8975;
6118,3485,3169,1361,804;
1404,1757,9534,107,2652;
6647,3444,7001,2089,6844;
5647,7112,8884,4042,2427;
2704,9633,4674,4010,7865;
3451,1806,3514,1579,2311;
4371,3191,736,7427,2412;
6097,2452,2685,9516,7805;
7816,885,1108,9015,8373;
7442,379,3294,485,7118;
355,6513,9148,9119,7944;
9713,3488,3588,6231,3808;
8957,2092,8123,5539,3039;
3463,4609,1426,3674,2244;
284,2376,4704,8410,7898;
7478,848,4913,4336,5605;
8236,2836,9342,7984,9799;
119,419,4492,6431,7063;
4141,6500,1276,9170,4479;
3939,2092,6681,9373,7504;
4329,6384,5003,2648,9102;
529,3684,8715,3831,9454;
8773,918,3471,841,1273;
9355,5719,2489,2712,9057;
2861,2433,862,4139,3497;
2977,5947,3376,6262,2315;
757,8637,2019,1695,8920;
5144,2151,4696,65,8700;
749,9720,7298,2636,4452;
7085,4980,5082,3597,2220;
9947,5195,2138,8609,4977;
7097,1751,1126,4290,6900;
3995,5531,9852,315,1723;
8243,2378,8798,1907,6115;
7918,309,435,9497,4376;
4367,3933,3684,6904,6092;
8610,2637,8047,5221,3618;
7063,4980,382,6794,4808;
8598,8676,5791,2308,9;
2358,4769,6511,8662,8816;
6594,5599,3537,6664,306;
8011,4180,8876,5638,4060;
7044,6092,4323,8607,8941;
501,7493,8648,4558,9109;
3191,7861,1259,2176,5139;
2458,4289,7886,2584,2610;
3021,4565,7880,3587,4803;
2364,4846,1997,8852,7237;
2455,9787,5714,3233,8440;
4247,2883,6970,1324,4089;
6926,3446,3256,3051,9929;
2322,7228,9942,4484,9565;
1217,5525,8150,872,9439;
2530,3168,4883,8812,6092;
880,3128,7725,4619,500;
9140,5959,4204,1761,1870;
4596,3220,7926,3245,9245;
8225,6008,1854,3657,9318;
1063,5281,7367,3050,1238;
6684,3436,6874,9380,2937;
2688,6184,3370,6601,1921;
2331,7464,3087,5990,5983;
7289,6491,9454,4578,3042;
2083,3267,4135,842,3340;
6084,6401,7315,1730,4844;
8610,2172,2233,7690,4010;
7566,1500,6238,2036,4546;
1174,9990,2242,8331,6062;
7724,8229,5468,7017,3496;
6147,371,5963,9555,4231;
6770,7704,3771,3718,3479;
1565,9128,1575,9856,3562;
5755,7658,791,6628,1251;
5960,7673,6414,4487,4365;
4373,6304,2198,9915,3754;
8661,3704,9162,5746,6490;
5613,4643,3423,9661,1371;
4362,3248,1885,4062,5113;
5089,3435,8078,9063,3482;
9560,2561,9309,3749,8243;
6313,4264,592,6511,1276;
4842,4399,1072,299,5457;
5956,8426,127,6544,2577;
1445,6945,8556,9493,4452;
2002,286,3224,1753,9235;
9537,8549,7981,6888,373;
2342,9574,3356,2814,4595;
8173,9240,4347,829,3582;
6823,317,8806,6534,2561;
6809,7115,6393,1560,7415;
1722,7400,966,3017,4896;
4364,6295,2997,1102,7278;
1419,2829,8045,4991,3063;
808,5712,9671,4510,3732;
1089,624,3800,9734,9956;
6634,2219,8263,1999,3734;
4231,7182,4013,196,4958;
9458,1512,7477,2030,1536;
2676,9297,2631,5438,6593;
4530,9030,8080,8810,5512;
9522,2809,141,6096,6309;
966,1773,6901,9307,6233;
694,3589,2646,4949,7726;
4613,1024,3273,472,3291;
563,6484,9538,192,8949;
1345,9149,7110,4966,9983;
4373,3419,699,312,1825;
7185,9261,8955,8220,7290;
8853,1774,7410,7095,9025;
1295,5773,7142,8271,2980;
7800,2911,7885,7523,862;
4976,9161,1034,1551,1430;
614,9829,5736,2349,5636;
2630,7403,1912,8531,1592;
4795,1125,3150,9866,2247;
8727,7380,6830,2937,9898;
1969,7231,6588,584,9379;
4988,2048,1286,7720,2218;
8827,5513,2703,7490,2371;
4425,5676,2816,8405,4663;
8569,5995,6712,5082,3143;
4877,6213,7353,918,8782;
5698,7385,8528,3003,7248;
7600,2501,554,6915,1344;
6741,8234,6977,9490,8538;
8088,7563,651,8955,3215;
6769,3941,6874,2286,9982;
2342,530,642,7811,442;
9270,5251,5381,8234,9678;
3405,8185,4351,5758,355;
2240,5282,2606,273,4232;
5437,3670,1668,3000,4947;
4882,6686,9417,8176,2794;
9080,9241,7513,7760,9865;
9164,495,8361,8737,9238;
3477,7849,157,5954,9105;
2847,5021,1887,5632,3033;
2801,4159,8419,6951,7833;
1157,5388,7647,9463,6005;
5161,5654,6426,1375,2603;
6194,8481,6155,3584,8470;
836,2196,4113,3794,5275;
564,6832,2169,5644,9620;
1976,3390,6536,3242,8273;
2023,5848,5983,1611,8077;
2409,6313,3292,5056,9210;
367,2614,7610,4587,7626;
3888,9466,8046,1608,5106;
2689,5910,1112,9088,3710;
5520,4435,2944,563,8663;
3535,4306,8470,175,9540;
1541,2965,8773,767,9758;
3137,4977,4092,6203,2961;
9554,6013,2910,2368,1209;
5890,2751,7238,7359,9374;
497,9185,7179,4904,9753;
7049,4060,2222,1596,7942;
5445,3004,8345,2269,606;
5502,2530,7603,9390,2674;
6458,7351,3558,539,2722;
2775,1676,3980,6121,6889;
2637,3834,380,632,9900;
906,1974,750,3256,7747;
1250,6085,3885,5407,9561;
4693,1969,3072,7317,596;
7386,9449,4718,2738,4962;
5903,8206,4621,6121,5466;
2508,2394,2511,2126,1617;
2441,5383,4635,233,4293;
8307,707,6559,8661,9053;
7057,3011,4877,2408,213;
4283,9984,1675,2441,8888;
6918,6402,4090,7474,8570;
798,6349,7554,9848,5087;
1392,2466,1280,6518,9786;
9757,1535,4867,6784,3286;
9276,3921,8838,9595,9392;
2192,6787,7701,6136,6097;
6939,1901,7788,5563,5144;
3316,8069,2061,3499,3625;
2027,6719,4825,9940,6718;
8947,6853,7598,7052,1226;
260,7815,4864,6497,3207;
7934,5055,2390,5106,6790;
6105,4417,1424,5417,3686;
1413,8782,5363,9462,6571;
8786,540,508,1130,4921;
3252,618,5560,6913,8116;
7039,4666,2924,8550,4954;
329,4947,5995,1518,2028;
1926,8549,2467,7127,7304;
3142,8566,6778,7347,953;
9335,381,9938,8866,1730;
1892,4446,8748,7807,6982;
2844,945,5862,7365,5520;
9629,1485,9366,3604,5545;
8042,2094,8849,5171,252;
8032,9327,2451,2494,5266;
8859,7384,4284,4698,9495;
922,1323,7459,4881,6195;
1314,4913,3078,879,6702;
1940,1098,1304,2191,2429;
6862,1610,398,4783,201;
5423,4983,1268,8034,3054;
4212,4106,9101,5965,8027;
890,7886,5376,5885,6241;
553,5374,7343,7278,1960;
2577,3651,1261,545,1538;
3582,1407,1480,4192,356;
9376,7255,2339,3413,4416;
3684,4396,5994,6408,343;
2174,8010,7121,6708,8932;
6474,2619,8274,87,9823;
875,292,1117,2047,5720;
9315,6322,5055,3014,4654;
5673,5267,295,2077,8221;
1606,1487,1319,8427,6205;
2575,2281,9115,2942,9665;
3525,5145,9416,5641,766;
6411,5278,588,9691,6002;
8216,514,3285,9416,7293;
9846,7997,1112,2069,440;
3406,9696,1909,3190,1438;
3223,8790,2931,2583,4826;
1756,2245,6274,1797,6219;
6821,6615,9454,3414,1766;
7200,1026,827,8968,70;
2760,8064,8878,1303,4237;
9999,6061,4686,1811,6976;
2462,7321,8731,9356,4209;
8349,9921,4154,785,6685;
7795,9835,3554,7097,6878;
2588,9078,7700,1575,6212;
5948,8582,2210,8919,3352;
8194,7455,6727,5432,974;
5663,4550,6436,7236,9987;
5755,8226,3801,5503,1350;
3944,7470,5659,2702,4663;
2140,7903,5907,4957,5983;
9623,7459,1284,4201,1272;
4395,498,9278,2831,4491;
6308,2700,5416,2309,8666;
395,3609,3066,8100,9368;
56,4578,6569,9846,2371;
1990,7675,6545,7766,1541;
2914,1833,2064,4755,5372;
6004,9298,2806,537,2416;
1774,8849,2498,6962,4268;
5485,9344,7841,5257,7744;
4100,2164,7318,6820,9043;
6083,2608,3560,1237,3332;
1363,8950,5419,816,9877;
943,1042,5452,7497,5695;
7741,7873,7627,7070,6189;
108,8185,4768,8904,5010;
8329,2478,4523,2880,9037;
3944,1790,6654,41,5299;
383,5991,5276,4008,6423;
4963,715,3507,3866,4686;
9662,7221,1640,3761,9116;
903,92,2739,2813,9418;
1760,8973,8483,264,1276;
2332,7926,960,5176,6054;
6084,6577,8927,8488,8702;
1871,1958,2719,1111,1358;
4889,1483,7995,1271,7126;
1416,3590,6349,5289,8969;
3895,881,7198,568,6811;
6135,6096,1278,7536,4407;
2971,913,6716,6947,8067;
4159,2089,7537,574,7422;
3440,6820,8076,1144,950;
2169,7678,1988,1840,1642;
1974,1342,7007,9551,5050;
5117,3600,5719,5563,4844;
4967,5542,7021,1854,647;
5059,3431,7126,7462,8333;
4377,7282,8213,3913,2770;
7439,2053,7346,6579,4648;
8777,4196,839,5780,2500;
4533,5116,5950,5162,3161;
5927,5918,2891,5897,602;
1778,2133,4619,2706,8778;
6227,4794,52,3385,5015;
3128,4038,3438,8322,7563;
6092,4852,7094,9671,1381;
4629,3465,2057,7278,6860;
2792,2650,7143,7545,6429;
3854,3852,5005,5788,4069;
5285,7389,4628,2004,983;
1909,4573,9575,9163,7129;
3626,9788,6406,4923,6384;
9587,2449,8013,9062,9152;
5691,5344,6792,7811,2210;
5216,2266,8044,9591,5314;
9680,9539,5975,7611,4766;
2121,5088,3020,2909,5870;
2101,1813,9958,1627,9372;
3540,2557,2436,4725,113;
6505,1995,9034,1166,1231;
7135,9153,8642,3986,9964;
6938,577,7622,8153,4891;
3911,1936,5393,7894,3295;
3821,1820,5335,6264,6011;
5370,7856,8935,1737,1789;
6854,4789,1238,9478,3965;
6758,5223,1772,7181,921;
3211,1296,731,1103,4991;
5327,466,6517,2208,7633;
2987,5523,5881,4703,711;
3790,3223,9613,3338,9267;
9596,501,7107,5808,7826;
2342,2447,3279,1396,4607;
4482,7781,8265,2084,3826;
5985,988,7177,688,6083;
3519,5076,5076,3269,4755;
2868,6374,1537,3076,7997;
127,408,6823,4150,7647;
912,4903,1468,9772,2014;
6765,773,5694,1780,2840;
9070,2569,887,2547,4617;
6343,2335,469,9861,3726;
3431,7726,895,3575,3775;
4430,3786,2431,737,9693;
5068,8039,8591,73,3766;
5579,512,5492,5,2851;
7248,7204,5679,8192,740;
5305,6998,3969,3182,6450;
90,1219,2005,6885,2026;
8307,9938,862,4083,5106;
3804,7926,2008,1991,9004;
435,9994,8352,3195,9908;
2631,7441,5679,6851,9207;
5909,7391,5549,656,4088;
8538,2243,1388,1663,6751;
3020,3363,5041,8753,6451;
388,319,9964,8968,441;
9704,4473,3682,2461,6607;
1268,7009,3973,1816,3224;
1638,5244,4367,649,7301;
3270,7398,2092,9843,4095;
5502,2393,8353,5449,3763;
7504,1575,6289,7115,1747;
5466,6083,5863,9458,5719;
5764,9137,6283,8796,4600;
7225,9000,8365,547,7166;
8640,6112,61,8628,1754;
7703,3798,7694,7647,7564;
899,5694,3378,2760,974;
5657,1590,3539,1866,101;
2784,1927,9607,2876,2508;
6126,3300,1771,8485,7958;
3252,1265,542,8505,6423;
7474,7747,8557,4811,3281;
508,2107,9452,7108,8166;
9382,8100,4754,4663,3981;
9019,5901,9091,6465,7610;
6797,686,343,1823,8417;
1855,4707,9118,3940,6372;
9066,7935,8071,1013,5669;
9738,2371,7892,1970,6759;
3634,3367,6249,828,8263;
8824,6863,8207,3778,7585;
568,1646,3825,4514,3460;
8210,7307,7171,7814,4099;
9269,4049,2543,4989,55;
8830,8331,2362,8324,9027;
6216,1793,7483,8622,7491;
3112,1862,5978,5988,4047;
2096,4744,9355,5940,9500;
5638,3684,7197,160,764;
3524,4716,9438,4717,6483;
9403,631,2287,4053,914;
9646,3300,3146,2099,4535;
54,1839,4668,3873,9156;
7517,5572,8130,4144,2264;
4849,8186,3781,2859,4575;
8977,6746,4711,4055,3930;
3273,4503,5340,4957,6794;
7116,778,6497,3805,1073;
7853,9617,4746,2161,1795;
4432,9666,6804,5326,3751;
5273,1215,5236,6344,879;
5969,8133,3793,4231,3221;
3528,9145,6977,4432,4385;
1171,2336,913,631,2573;
4224,4761,2550,9717,428;
6159,1496,8986,5963,6220;
8359,8042,605,2661,4364;
149,2453,6156,2592,9135;
8393,3884,5808,3862,8091;
4097,87,719,3615,3679;
5269,1621,8043,2973,4064;
9250,5510,9725,1988,3038;
9619,71,7704,6301,1711;
9878,9256,9804,6080,382;
2401,3974,2701,5764,7235;
2275,1844,4890,1407,5700;
862,3080,298,9148,8231;
7505,87,5671,8348,4998;
7725,629,6945,8180,8652;
3186,526,1020,9474,8633;
1636,3527,2720,7824,6407;
2014,6863,5886,7860,2290;
5314,1276,1977,9800,5322;
9439,6226,1719,3505,7767;
5976,8477,5152,5536,3120;
684,2821,1060,6306,4416;
2327,6031,8249,5270,3847;
7518,9309,7300,1304,5394;
7065,4947,1390,2714,2364;
9496,9547,7392,4455,7378;
6928,2162,3040,5096,2961;
2464,2407,6222,1407,4349;
6636,5106,4415,690,9118;
3624,7751,368,3228,9511;
5186,8876,1488,3040,4463;
4920,2267,8336,7276,255;
996,2930,2539,1143,7226;
2779,6173,4569,9326,6303;
5386,1297,362,8178,4644;
1858,758,3293,4928,4156;
4071,9976,2519,4477,2919;
2230,5786,7377,2410,285;
7510,2070,3271,9140,3467;
9610,3513,67,7256,4003;
7540,2023,7028,5075,5877;
8601,9227,5169,433,592;
2098,9042,8458,5480,786;
2224,3559,1169,1400,3269;
8644,7302,9186,2557,2084;
2586,3701,240,4040,3468;
3713,5522,8574,5442,5904;
2040,7246,5622,9881,1001;
2912,1671,1136,6942,3130;
4362,1879,7202,5781,4622;
8154,7759,8607,8760,1192;
1077,3834,5827,9703,5076;
2661,2721,4828,9536,7535;
5346,197,6431,5032,1656;
4880,4734,8305,7224,3850;
3432,890,6347,9811,3383;
1464,2717,2454,3391,9927;
7389,103,9734,7834,3806;
7504,136,8204,1330,4039;
2879,4365,2606,9726,2239;
6623,2522,4333,5299,3792;
9359,9903,1383,1584,9093;
105,2744,4281,3827,8714;
3983,7079,4820,5712,6763;
4941,8274,7827,7739,9089;
4596,2064,5762,1695,4946;
4854,8191,4143,5292,3988;
9113,6021,3300,1979,264;
2397,320,3143,1301,2087;
7110,2130,2816,8069,3351;
1029,3670,5428,1297,2797;
3022,6227,7094,2870,5775;
2737,3574,9661,7947,2079;
4621,4333,6974,2472,1340;
6165,9578,7133,9833,8306;
8694,9130,8643,6229,1210;
9062,5360,881,2286,9939;
9831,642,6405,400,3390;
9356,9887,1993,4837,4729;
8404,3533,1818,4373,4272;
3766,6265,70,3748,4097;
627,3641,4752,4221,3017;
7543,9470,7734,6044,4770;
3867,6452,4498,7579,9090;
5348,6488,2772,4083,262;
9350,9810,3195,7357,2041;
6367,7268,8763,5755,512;
7792,5741,5397,8074,9500;
3584,5148,3078,5210,2197;
3119,5141,5525,6222,3259;
1347,8937,4740,4880,8543;
1455,8442,7618,1788,8079;
6250,4124,8010,5142,8570;
4503,7365,6201,2736,5467;
9915,469,2301,660,7192;
4372,5298,6811,5566,2415;
7069,8876,9408,3962,3038;
3311,2755,9349,788,6897;
6898,157,2843,6647,8272;
626,9971,7881,8343,9325;
1087,9198,5699,9353,4742;
1035,3654,6642,5669,8589;
8592,1480,8309,5572,5167;
3553,3828,6030,1813,7858;
8320,2541,7829,9193,8057;
9054,1506,9867,1145,8985;
4462,3032,7758,3171,7044;
964,8501,6744,3147,9042;
8358,7334,1990,7515,7607;
1188,7797,8056,482,5761;
2292,5141,2624,2747,25;
9796,5129,9718,988,4486;
8801,4879,6650,6944,4295;
4528,5493,9201,9530,1817;
4514,8215,546,6733,3432;
6557,1959,6545,5934,2483;
6660,5031,8105,2598,9935;
9926,6441,8719,2947,5245;
9405,9135,5434,3490,1554;
1455,2092,9939,8662,3268;
7810,4445,2349,525,2494;
4726,1331,499,3258,2216;
1969,9356,1757,9202,5821;
6587,523,3388,2808,4499;
6316,1125,4005,5967,4657;
8831,3642,9143,2789,3113;
9216,8512,2075,3739,3652;
3469,4415,2295,3484,8699;
3779,1335,2544,7673,9901;
3534,4146,8601,7337,2423;
2858,9466,1735,4142,4836;
1608,4266,9385,5108,1574;
6831,7112,704,4248,8427;
6440,2833,6205,3474,4967;
8096,8323,3646,8441,8599;
5652,354,191,3471,1460;
1253,2756,3748,2222,20;
4632,9177,5641,7930,3357;
5880,2751,1036,4185,8230;
1357,4159,8226,7081,5075;
3203,2237,5553,3755,9521;
5826,4541,5701,7015,9204;
5457,7119,2688,4117,6281;
7572,6726,7259,1152,9762;
5561,8268,4859,8102,9054;
6863,4655,7015,8498,3234;
6939,9309,6112,9475,8533;
1703,4047,1109,4353,6537;
8131,1601,5836,3399,6960;
4374,1879,6967,118,9482;
8220,2653,236,5683,6747;
9874,1910,2441,5555,3865;
5400,6059,1663,2577,8993;
9450,6605,2983,1186,5434;
6130,8948,4486,7138,3924;
5093,8493,8949,998,3636;
6983,3775,8525,9956,5228;
1768,1890,2496,9317,8194;
3150,398,5016,8812,8375;
3969,576,1015,4642,1580;
795,4070,1713,4621,5565;
4475,2821,9406,8205,1940;
3483,9992,1975,4667,890;
2923,10000,3919,1020,1404;
3877,400,2675,5245,6969;
9236,4417,3691,2158,3382;
1461,8540,9979,1292,3077;
6074,2720,882,9238,4888;
3153,3589,6016,9068,6500;
2609,833,739,4528,4656;
8928,6595,9247,1805,1533;
3154,4497,2642,3688,7024;
4301,1379,5203,2917,8074;
1640,4805,7203,6878,487;
2062,7481,1926,4957,4965;
4071,9819,9470,3681,2474;
976,6389,238,5133,9953;
846,5507,2297,3589,7143;
8407,7909,6994,6565,2138;
4369,8008,1070,6603,1609;
9478,9587,5643,7747,4056;
8504,7587,6625,1459,4318;
6699,5025,5624,5957,7513;
3394,5214,8108,3336,3262;
4683,8404,1649,60,17;
1365,9354,766,5720,611;
8538,1155,2081,9044,2700;
6629,6233,4405,9907,5048;
2273,4683,3490,3034,4108;
4976,5258,1370,4214,5083;
2992,4669,8881,3841,1962;
1198,2047,4401,2535,9777;
2263,3448,9549,6204,90;
9444,3644,3404,9073,2698;
1285,6583,618,2060,5964;
4535,4020,8596,1633,9152;
5695,2059,6604,7675,8888;
5744,6256,6440,2856,9689;
2902,8975,401,2996,929;
6,9711,7213,9293,6334;
4274,3617,1782,7035,7045;
6925,5401,9128,9050,7195;
7496,1025,5682,1996,63;
4853,8451,6127,246,3796;
4527,3825,9063,8647,3478;
2399,9169,2816,2028,3963;
6401,9052,2573,3379,2402;
3397,9536,2707,9826,802;
8240,347,4593,6918,1595;
477,707,9881,2648,7212;
326,5041,898,1931,4418;
3464,4157,4194,4305,1396;
4330,1800,8386,8781,8964;
9952,4554,8904,7186,9874;
418,4025,3723,8937,9515;
7462,5185,4847,8704,415;
6608,9443,3587,7460,5114;
890,8657,1021,7004,3138;
4015,148,4562,3474,9045;
9462,4368,7639,1135,491;
4125,3266,5980,7046,2464;
4631,2664,9629,9921,7515;
9186,9838,4625,6188,6256;
4152,3964,1122,7197,1925;
6082,144,9694,1634,300;
5018,6262,8918,9067,9555;
9567,1161,9466,2026,6882;
9763,9361,9484,5092,183;
2282,3859,1824,8420,443;
7167,5337,4096,2523,5535;
1538,5878,3566,7714,8141;
168,5643,3600,6030,6440;
6115,3593,5572,2066,4229;
9125,2880,8302,5382,5121;
9976,3448,9431,7098,3530;
9231,7225,3820,5245,3115;
6788,1297,4592,4504,3501;
4709,4387,6903,8088,2041;
9116,3221,9810,1573,3572;
3486,7268,7264,8121,225;
7786,4627,8066,7433,8997;
4060,3282,9180,4633,7552;
7956,4705,9111,4063,6414;
7774,3946,5116,2859,6202;
710,2191,7801,3594,1668;
8830,3366,66,9102,7780;
876,4927,8397,2755,8753;
7961,3701,2076,8100,7823;
9227,263,9168,3913,3668;
77,386,2312,7952,4673;
6012,4403,9270,1479,5910;
8857,8903,1657,8524,4916;
3101,164,4616,1107,9780;
8972,249,3668,8799,5900;
3641,8835,2046,1121,5838;
3945,4462,3108,7588,7899;
7979,7354,3276,2696,1309;
5757,5428,9138,5552,4990;
1372,5745,5930,4428,6274;
1173,9545,7334,1266,6663;
2756,1078,2524,439,6952;
2286,1466,2196,9551,3270;
3828,6225,9718,9723,2480;
5722,4684,1847,9476,7335;
8190,279,3140,7284,7092;
3819,7565,4834,5621,7835;
8492,350,8883,7587,6868;
1023,6963,8107,5359,3932;
6853,9452,6642,8772,6639;
4026,1629,2048,7118,9192;
9411,1008,8757,1215,9526;
7957,1944,9633,1624,4730;
8116,4833,7277,3405,9950;
8800,4740,9945,3642,498;
9091,5401,2651,300,3989;
5089,2636,5101,5442,9942;
9099,4284,6193,4473,1334;
9787,8625,6781,1018,3496;
8098,1618,6935,9317,179;
5939,1193,866,8135,1750;
5335,2713,2297,7778,3112;
6101,5498,4049,6434,1431;
5234,8345,8124,441,1266;
7107,9603,4903,8875,5358;
8764,8131,8639,3981,2277;
1249,4373,3626,5340,7526;
3488,6834,4981,1287,675;
9200,2449,7577,2564,2030;
8345,888,9381,1194,5000;
9487,1660,4408,7537,3735;
5841,5289,5162,7421,4012;
5831,1439,7451,389,4545;
9248,1411,7650,101,6199;
4540,4830,527,9643,6327;
5702,7970,5633,9660,7036;
6746,9008,4311,8149,8017;
3943,7535,687,1541,6496;
5920,7631,1766,5415,7050;
1464,5470,3319,2105,556;
5148,3652,512,1754,4132;
1338,1157,8351,1596,8908;
5868,1409,3395,9637,1877;
2644,7411,3154,4268,7070;
5810,1599,9688,568,4875;
8548,8781,3741,1334,879;
4094,7547,3465,961,9376;
267,9894,9679,6828,6553;
5848,722,1547,4051,775;
3044,2432,5543,9533,3176;
7900,8082,5622,6956,2769;
3149,8153,5883,8400,2452;
175,9084,9757,1178,2032;
8005,9131,1968,2860,7678;
4325,6553,1823,3057,9132;
5885,8298,7819,5045,3042;
2226,522,464,3930,383;
8906,2138,9384,2681,4823;
6632,9707,7708,2305,2042;
3629,4875,8872,2953,478;
9853,3957,6828,7194,6434;
9076,559,9162,2607,5691;
6952,7775,3915,8659,1353;
8929,2927,7803,175,9605;
6210,7634,228,4040,5242;
720,1272,7949,2601,8616;
3488,6327,9284,4691,7018;
2258,4604,1915,9809,8902;
9639,2355,9590,3779,4306;
2893,3436,3084,4049,56;
1179,8887,4695,6154,989;
7781,243,5176,1392,1398;
3274,3432,1897,7839,5174;
93,9947,7839,464,7823;
3020,4919,123,5062,8164;
3681,7488,9162,420,9105;
5402,2964,1972,2661,8267;
2227,795,4963,2601,2368;
1026,1196,2389,8013,8840;
4049,9937,7745,842,4939;
1017,83,7467,6278,7219;
844,2533,951,8743,6316;
4160,9148,5692,8314,8797;
3564,1989,4809,7987,2434;
9830,2395,3777,2734,9180;
1495,4589,9215,807,6293;
6069,2023,8735,545,1873;
5778,6945,4518,9003,6749;
546,9323,763,2623,7920;
2114,9325,9112,8248,6102;
6888,2947,7692,4455,2897;
1166,5089,5248,1803,1645;
8460,3136,6129,7074,2936;
3218,6723,3920,2159,6510;
5816,6736,4543,2192,5569;
4088,3010,4150,8961,8501;
2990,6903,6489,3198,2508;
4893,3628,6302,6026,4216;
4926,4243,9947,5834,104;
3318,1915,6659,815,9409;
6335,6535,7660,7818,2508;
3421,6248,6323,3628,2047;
6950,3410,4422,8287,6416;
1761,5097,8607,159,2770;
4996,6231,2485,3278,43;
9210,8796,9990,1525,9275;
3794,1078,143,7295,9751;
8188,5147,876,97,2885;
7128,9084,7141,2353,3896;
8503,5985,7905,2836,3231;
2377,7841,9094,5635,1933;
5700,5152,7607,148,3112;
6087,6260,3741,4832,2135;
6000,2884,7543,6096,2095;
264,9664,4732,4821,1744;
2206,213,6552,2899,6627;
3578,4827,9221,7928,8215;
2730,3555,2386,401,1911;
9869,3881,4518,5100,255;
6153,5310,5041,8646,9689;
3114,7341,1155,7777,6849;
3127,5988,1528,1080,3331;
5961,1601,6679,3657,8682;
5418,7537,7001,8749,1487;
5528,9477,4938,8098,6379;
3122,2506,8020,9254,6201;
9035,9632,9295,3882,8373;
791,8855,856,33,3216;
3938,9425,6394,6647,1233;
7756,9197,2294,9958,1669;
4527,2291,145,885,4429;
8080,6611,9611,4959,4523;
4448,6473,3430,4080,1102;
8843,8073,4416,8080,2184;
8929,6849,6723,421,5966;
6754,3736,8274,3316,7894;
2148,1139,6426,4301,5353;
5117,3901,4777,4617,3901;
4227,2697,1576,4933,9245;
5287,7764,671,8091,9874;
2331,4685,5837,6349,2691;
2457,4226,1730,620,1112;
3824,4587,9184,1280,8375;
5689,5415,323,187,9864;
1576,4736,8149,7879,8256;
4255,5637,5149,1766,9459;
2113,984,4610,4726,8674;
4231,738,4329,504,7432;
7483,7328,7922,8484,7561;
3366,4394,6953,5386,4365;
4835,819,6013,7114,7703;
75,3064,6547,865,9871;
1818,2773,5722,608,7243;
5300,2586,2744,8479,4782;
8164,2185,2677,7995,1066;
3117,627,6175,8521,8007;
4516,6034,5061,3471,3627;
7598,9456,7593,1700,2710;
8313,5087,1259,8086,6308;
5274,5252,2038,4521,3216;
2523,5495,6197,6586,9859;
4769,6177,3638,8533,1189;
300,6644,1723,9780,2811;
2570,8096,3088,2868,238;
7084,2647,9750,9235,6025;
2178,6498,6859,991,501;
6490,963,7939,9022,2614;
2748,1892,8322,804,1829;
3063,760,7557,7843,3043;
8974,5897,7120,3980,8324;
3831,9941,2160,98,6563;
1620,4577,7828,8378,1321;
6099,7311,9256,2105,2667;
6750,7530,9851,9201,7608;
3532,2861,5429,7075,4851;
6546,1301,3936,4688,5158;
6741,9296,4447,5509,78;
4859,7366,9998,6618,8601;
7391,1207,3175,7385,8197;
8484,2561,2420,1761,2730;
8280,5019,8551,4881,8875;
1714,7810,972,9733,4897;
2722,3068,8978,7808,1629;
3042,7770,5456,5400,6619;
4289,5964,2397,756,9733;
3540,6118,7526,8821,6138;
127,4954,8403,9346,6253;
1196,1443,3234,7805,3835;
7731,8228,8737,7842,7970;
6144,3264,1272,7152,7201;
6708,1458,9438,9735,2061;
3692,693,4716,1967,4263;
8401,5628,1819,5595,8260;
3984,8730,9003,3096,580;
5654,956,3543,8386,9335;
1146,2117,5637,1570,5584;
3827,7684,1930,5065,7603;
4230,1773,4095,2241,7694;
1870,9083,3088,4296,2913;
4947,3410,4300,8393,1769;
3737,9318,4627,2142,5486;
6279,5043,7477,4097,3889;
5506,3503,9560,5500,8649;
3261,1146,2669,8132,3460;
5329,6977,6982,8258,6213;
7847,5583,2239,4737,2630;
8064,7162,7058,956,8670;
6776,1532,7694,8316,8874;
9807,6931,6846,7014,5898;
4013,3973,893,9768,4772;
627,5984,7841,1457,5710;
5658,5388,5974,9516,1885;
5291,4522,2354,2668,6599;
3864,4391,2261,163,3361;
1446,15,7062,21,63;
7163,8774,3422,8986,4801;
4720,4855,1689,262,4707;
3490,977,5614,4915,5492;
5,3326,9382,1929,2352;
2291,3,3377,4194,2248;
2837,7017,5109,5359,1407;
5490,406,7379,2658,3955;
2080,3403,7475,9859,1800;
291,6769,7294,9596,1282;
9815,246,1876,8439,9490;
5287,4686,4486,2766,8211;
7595,1299,3820,8563,9391;
9672,3770,2864,1301,8905;
1153,3560,5334,6899,4819;
4166,5950,7352,8326,8925;
3676,6389,2578,1476,9993;
1564,3452,8622,5552,1755;
5067,762,6475,3641,2798;
6761,8288,4819,4401,375;
8663,9302,537,6867,3427;
1640,1911,7046,7115,9129;
9876,7789,9362,475,718;
3810,1979,230,715,2643;
8131,4856,7714,2273,5691;
6696,6346,1461,7490,3353;
5506,4505,3713,6718,1393;
2778,8445,3151,6689,6856;
2273,8889,4664,5562,1739;
5588,3600,7059,4501,8528;
4122,2932,8236,7455,6063;
7069,8509,5810,7288,3849;
9028,5174,5279,5933,4761;
6925,537,3760,7888,2572;
4519,2518,9993,8008,274;
16,1786,1341,1720,7474;
2365,4436,5030,981,9229;
2611,6520,8690,4232,1146;
4459,4937,2394,1711,6259;
53,9696,3675,6206,6602;
8785,879,5513,629,7904;
3889,7459,4250,7727,6811;
3884,3824,9989,2093,378;
6857,2086,1136,5253,5178;
2935,6667,1114,3388,9096;
5343,4832,9288,30,7438;
7785,6803,6582,474,9833;
6564,4413,6053,2353,221;
3420,3766,5209,9803,2874;
9599,8965,7659,514,8507;
2254,702,4441,5423,5850;
9042,8596,4891,4240,7308;
8703,1995,4498,5818,7669;
4330,6099,996,1013,1682;
2426,6468,6103,6917,181;
5996,3309,4280,1072,650;
8118,3089,7795,2582,6745;
6323,6707,3998,9541,5872;
740,2246,6181,2703,8657;
8725,65,1311,774,2048;
8969,5096,9165,1664,728;
1027,1067,4855,2597,2416;
682,6277,5293,9544,4881;
9151,7913,3715,2259,9132;
4005,5008,64,7206,1596;
5821,384,4762,9621,8469;
4595,5472,9427,4747,5686;
7833,8976,3512,4888,9840;
4906,7064,301,3907,9953;
9576,8687,2196,7468,226;
9395,7464,3806,1490,9846;
6016,7625,4447,9383,5226;
3868,8379,2779,1658,6371;
3157,1230,8900,3135,915;
4382,3814,9333,5933,8638;
3714,8936,1760,8585,981;
7828,589,2937,493,8615;
9180,9714,1575,4393,3067;
6641,4029,9860,1122,1945;
888,2230,3577,8506,4219;
2274,3258,3785,4581,6648;
7203,7241,7513,6772,8157;
8822,7909,3488,7049,2943;
2928,8646,5247,90,6089;
405,8522,2970,8589,8977;
996,1890,5598,3123,6117;
9008,5771,5287,2255,9090;
7032,771,3383,1467,5221;
9281,6490,7256,8570,5041;
9962,8553,3427,4816,1024;
4024,3358,7539,1938,7977;
3100,2442,5587,7507,6988;
1784,5989,9063,2685,9569;
3516,9294,7693,4305,7203;
2909,8933,9153,7858,5874;
3337,3091,2027,819,6809;
3628,2743,8484,7555,3113;
8804,2435,6762,4653,5073;
5694,9751,507,9320,4803;
802,5918,6560,3622,4871;
7493,5988,6270,7537,5699;
5917,8740,7542,6447,9095;
6654,7137,7090,9908,8389;
135,5275,4382,1504,7690;
2028,1427,4870,3393,6739;
2182,4622,161,8076,4335;
8949,1818,6212,5616,1731;
3199,9603,665,3956,1821;
6166,6215,546,8709,7415;
7419,6051,4226,8900,1465;
846,9879,6563,606,7672;
8769,8597,1101,1660,3650;
1416,2444,4047,7449,3390;
6807,1398,9554,2141,9382;
976,7098,5383,8028,8698;
8104,9857,299,964,97;
29,5273,7101,3203,1733;
5513,3782,3921,877,3165;
1217,9191,7459,3688,7942;
3138,384,9208,6018,2834;
3722,7243,7603,6473,2229;
1558,3858,2747,6715,1338;
5563,1598,5487,7762,9556;
8251,2135,3207,6325,9134;
6140,1420,568,2350,6509;
5207,3225,4135,6947,8988;
9566,8859,4294,725,1482;
3351,3247,2701,8794,2114;
3236,1228,3094,8443,3155;
4867,7429,6812,6983,1505;
3606,1001,2830,5164,793;
8734,7495,4052,8920,4986;
7910,4976,4108,7404,1979;
1351,9386,9071,3828,5625;
3124,7409,6135,3388,2687;
4079,1575,133,5224,7260;
7416,1573,3982,3557,7640;
6305,6791,1092,8102,2600;
9336,5816,3646,406,4746;
5044,9186,1549,1259,3710;
9325,1443,7053,4344,9676;
4485,7145,1312,8873,5654;
9384,716,3147,7756,2884;
6519,5670,514,378,30;
845,3485,6854,6265,6119;
4214,4457,1330,2004,7695;
2857,679,7416,4703,5540;
2510,8319,6829,788,5323;
4017,5088,1761,9154,5692;
5760,4223,9250,8634,7601;
3155,4403,2091,5261,9333;
1286,2743,7449,5441,5205;
6337,7835,7815,5676,7612;
5703,2648,4391,9166,4631;
5311,8593,8991,2578,5559;
8022,4318,2289,7460,3348;
4187,4742,5421,704,4715;
8907,4229,3481,5084,4275;
3302,4516,3402,3820,9166;
1368,9114,7715,3491,3634;
5334,7089,8620,191,7695;
6572,602,772,2280,7053;
7115,4518,2934,6142,1568;
4079,2075,3146,2562,2132;
5670,917,4903,4055,7602;
5976,6857,1774,9619,3482;
2110,3886,3283,8848,5196;
6317,4041,4562,1112,3050;
7380,1406,9038,6843,1713;
373,1144,3792,1814,8911;
1192,2295,6973,4269,6051;
6712,5015,9325,6269,3798;
388,2081,2567,8741,6438;
5601,5092,3998,4384,4624;
8467,417,7596,6508,9813;
3784,7040,2242,9355,8786;
6920,1104,9020,9181,1097;
8163,4595,6148,4984,2894;
9873,5941,9937,3956,6339;
9344,941,6017,5242,5180;
3600,5138,3692,8151,4356;
3818,4684,3317,9601,7111;
1489,3205,5121,995,6455;
5408,7194,5055,5217,1143;
2344,891,3661,3236,3118;
4614,1910,2792,5764,7407;
23,6236,4027,7334,9245;
3240,2982,7637,1707,290;
5007,8057,2884,2918,822;
1511,4608,285,1442,3108;
7930,9270,1495,2687,6840;
8338,5795,7029,4077,5111;
6035,2189,3205,838,5652;
8571,725,3432,6730,6649;
4460,1644,2047,8941,1523;
9547,5429,2092,6417,8093;
9219,2812,3463,3327,346;
9150,6535,5051,5949,1570;
7928,7834,7500,9436,9665;
2434,6913,3897,6407,9885;
2731,5158,8570,5875,1500;
2940,1473,3438,8949,8228;
383,6386,7871,2525,1324;
6232,7525,2797,6160,6601;
6276,8744,4014,7973,3008;
1533,5077,3065,3702,8993;
3223,1921,385,4984,9728;
1815,7372,7132,4274,6058;
4031,2398,6226,3731,5081;
142,9155,7417,8482,3097;
1710,121,9554,3630,1226;
8348,1794,7021,5618,3018;
2370,9607,2219,9586,6172;
4993,5946,7332,992,8165;
7479,2395,1662,5911,5193;
5142,1639,9086,4119,8864;
6192,623,2653,5769,3002;
660,7763,4274,444,4196;
5331,710,6512,349,2207;
4564,424,8424,6766,9219;
1565,7740,6700,6221,6716;
1591,4747,5264,530,9109;
1237,1463,9530,4143,8724;
1473,5780,1969,2273,4982;
9118,9766,4827,8127,8873;
5207,8456,8612,1560,4139;
19,4691,1150,7325,6274;
5248,4847,5637,8308,2307;
3469,8983,2199,3675,4482;
9648,3469,9276,8517,4226;
8608,6876,9685,9056,232;
7105,1969,2441,2634,243;
9319,8466,8124,3029,6851;
2515,1532,2548,3675,428;
6310,1396,300,393,358;
3280,167,1334,7513,4104;
3148,530,8280,2055,8467;
2296,7647,5827,8521,51;
8905,1130,8965,5321,2822;
680,2058,601,3192,3005;
2154,4263,5532,88,9122;
1583,6406,1876,9809,5641;
2839,919,9671,3450,9542;
2995,4301,200,5512,7714;
9753,1813,3751,5571,5909;
2159,5122,9026,7186,9827;
5620,536,9140,1326,9861;
5752,183,1307,1479,4581;
2624,9172,9927,4459,6138;
5558,3944,2121,1392,700;
1353,7727,3909,7295,6864;
2190,3280,4443,5709,4597;
3973,7792,2616,6490,588;
9070,4965,8014,4633,8189;
2437,1988,2149,4247,4856;
463,6501,4454,8790,2261;
5994,6848,5825,9230,4367;
4151,9369,6021,8948,2728;
2412,6693,6824,3298,6044;
7290,1103,8893,4172,3356;
8219,6356,2076,7984,9155;
1795,3893,1239,169,1953;
5599,9819,167,5137,2907;
9614,6033,6174,7645,819;
4242,3388,8469,7425,8047;
4578,537,1849,7877,9158;
6930,7512,1257,6201,780;
5488,8315,6017,2516,2002;
9195,4794,6252,4691,1101;
5633,7338,102,1029,6876;
4683,2211,5825,2149,1828;
3071,3000,8682,6696,9415;
2486,2518,2758,1702,6465;
9007,4430,4376,4611,9231;
2152,8049,7184,2765,8377;
4739,4379,1523,9129,8824;
2332,4752,2657,8356,3863;
3744,7030,6296,7186,5981;
4369,5585,6313,4556,6660;
1648,2550,3026,8274,8425;
2965,6651,4888,2168,6214;
832,4174,2879,5890,3063;
7553,6306,9389,2018,8295;
789,7160,627,2033,6905;
6840,23,1651,4618,7416;
1593,6581,7449,3268,6534;
6491,7563,7529,3535,6644;
6125,5680,7434,1607,2754;
3572,7548,6326,1284,8271;
7563,1735,253,6144,9317;
5614,503,2229,4335,1531;
2292,4748,7755,7148,2020;
5566,5356,2539,8969,8203;
5538,6305,2457,2026,9903;
5182,6695,7335,9526,1586;
8343,2318,3400,3384,7674;
5126,5576,4774,7242,6011;
2399,5113,7141,1456,9551;
8364,8035,3387,6384,1165;
3700,789,3346,9296,3272;
9199,1105,7446,5671,6099;
8764,3392,5329,7832,1958;
3632,3754,8256,6380,5084;
9321,8724,3375,749,7720;
4547,8289,1955,3997,780;
3821,8089,7478,1383,8371;
8824,8978,6337,7946,2992;
5927,818,5313,4300,2964;
7927,2110,4441,1660,1575;
8959,7323,4582,4395,4580;
873,8933,6614,8187,2528;
6127,7477,3726,5008,1767;
6659,2421,943,7861,4168;
4587,9547,7077,9590,3989;
5410,2200,8676,4787,8800;
7317,773,6184,6324,5841;
9274,7055,1612,5478,393;
101,2542,1251,3038,9707;
7765,3708,9178,3185,8641;
847,5927,4030,7257,6420;
8930,9448,8949,8162,3327;
1152,4576,224,7448,9198;
4301,9774,7529,6079,8778;
558,6266,3854,6224,9218;
2073,2350,5977,4362,4445;
5608,81,9321,2237,6079;
6270,3956,3194,101,8229;
9191,302,889,6651,8017;
9902,9612,629,4943,3315;
787,7699,1864,6911,4266;
621,8015,9863,2158,663;
1422,6350,1255,5317,6494;
4439,6699,6205,993,9274;
5205,9896,9331,8085,8881;
2639,5294,5205,475,5916;
6537,7103,6706,3997,9712;
3317,3761,8432,3372,5909;
4155,9416,4565,7802,9040;
3642,5928,3123,7398,9157;
1045,809,5085,9339,503;
3345,1551,7064,433,923;
1830,1925,6269,4272,2550;
9394,8179,3818,383,151;
3232,4057,6872,1655,559;
2347,2820,3294,8504,2017;
1855,4909,8053,4328,6455;
1613,8150,5622,9005,3772;
2430,9799,3610,9957,3433;
4680,7754,2518,9640,4838;
6615,8567,5179,780,139;
7376,4865,5131,4080,2484;
7987,8035,4124,6075,1271;
5025,1109,3307,793,8207;
2679,8333,3530,3881,3495;
717,114,9357,2701,7782;
2742,8867,719,4653,928;
1526,6529,1969,9316,7955;
8229,6111,8994,8968,4114;
5144,8385,56,7459,5263;
3249,1119,9989,3339,9463;
4453,7573,7728,6995,9529;
2106,6890,8049,9546,603;
3987,1334,7364,3596,1374;
203,8003,7707,2417,7912;
4251,6138,8577,6345,9831;
5499,7482,6819,3729,8574;
1163,6766,9994,8828,2056;
8236,3113,8708,188,5822;
9284,6837,1002,4325,128;
5332,4295,7950,6000,7279;
7449,7135,292,1213,7918;
8700,7766,709,5196,4157;
893,5605,3794,3926,5749;
3611,4460,8842,5280,8347;
9510,554,1017,1388,9844;
3478,5937,3796,9840,5400;
3176,3610,829,5919,743;
3451,8679,7219,8702,3974;
8188,1312,2475,1043,1681;
2887,2041,8320,1620,490;
2174,1144,5610,7357,514;
5641,9231,8653,1629,294;
7308,6788,9705,2439,22;
6327,5316,6499,3300,6126;
6630,3986,1720,1667,8315;
8729,922,5750,5684,9139;
6092,6063,4177,7980,7476;
8222,914,5705,7754,5841;
732,4187,1574,6808,3315;
9327,8743,745,317,846;
359,9059,1325,649,1804;
5483,4296,7209,8242,1903;
5423,3496,1365,9119,6060;
3681,9845,5247,8083,4407;
9099,7327,9008,8277,9666;
6957,2281,2153,9811,6321;
8875,1660,3290,7122,3890;
3776,2181,2302,9817,1352;
1121,9892,9796,3830,7747;
3728,4114,2493,6511,1883;
904,9180,2519,8539,3489;
1833,771,6858,3588,5200;
9947,9305,9637,8776,3867;
4934,3305,5717,9277,4584;
2819,1394,6777,4887,3721;
2171,3832,5840,1291,977;
7206,3347,7177,3205,9604;
217,2759,4751,3290,5593;
314,8029,3425,6973,911;
2721,4023,222,6723,1548;
333,5227,8758,1402,5137;
9733,603,4999,893,9687;
3833,4487,1656,274,4923;
8020,3692,2985,4500,3961;
8607,1452,5644,1206,9563;
9628,102,9330,7844,5863;
3686,8661,1603,3721,6703;
2322,5217,2304,5780,7751;
5281,6463,1542,228,1906;
3381,5281,5342,7390,8994;
5208,4382,1634,6921,7046;
2845,2292,3832,8708,4786;
9803,3651,1461,1533,8005;
1019,3621,4279,9556,1404;
3347,8787,9057,4077,5923;
2457,4160,9978,8386,8590;
2715,1649,8787,4555,4442;
2807,6456,6171,4771,2897;
7451,8444,6807,8516,3153;
3293,7631,1165,6500,6586;
6091,6774,1227,4974,6291;
3887,239,7971,7467,7400;
4400,8763,9456,33,9336;
8192,9773,6590,8619,4888;
2240,7479,1476,2689,5087;
7484,9006,104,4604,6807;
1735,4083,8514,6804,2312;
5040,2602,1778,2482,7615;
1993,483,5174,3585,5233;
7064,7964,5723,7942,7799;
2475,6811,915,5613,6289;
533,9946,7334,1726,7193;
3547,4669,4391,2818,5224;
9591,6299,2094,3447,8377;
185,7834,4220,805,5991;
9555,1573,7378,9069,9412;
7869,2281,7572,4087,1511;
9073,3295,1872,5867,5635;
6610,1725,2303,9616,1993;
9834,5387,9474,7798,9895;
1766,5196,1005,1208,6933;
3702,8330,4215,4732,468;
4805,4620,7901,5283,622;
475,3897,2508,8,1031;
6044,5063,2508,637,6278;
5714,6142,2043,2901,830;
7440,6927,1359,8479,6226;
598,370,450,2991,1218;
5788,7598,5177,5673,3112;
6367,8992,2790,8573,8318;
725,3309,9098,8666,7576;
1095,3982,3458,4448,9392;
6119,1981,6326,2216,7619;
8762,7423,1232,1917,9442;
8015,1705,7730,2176,5543;
9240,6789,7622,8573,6859;
2882,4749,9452,7224,5295;
2757,3441,3553,972,1447;
5803,4117,9271,8877,4593;
1238,6426,8425,8770,2481;
2056,6649,6064,7530,3441;
8313,4240,5107,6861,44;
1633,7318,4031,8229,5489;
2891,9203,374,4764,8787;
9890,5892,1690,9743,9900;
108,9270,2430,9069,2298;
5205,6807,4683,4916,2696;
5481,8516,6225,6208,5167;
6312,5996,6170,8168,2719;
2894,7828,3581,6071,7112;
9783,3179,7406,3764,6673;
4627,8784,8810,5165,6404;
6518,8350,7523,6873,1764;
710,8089,1408,2568,6093;
4076,7356,2715,178,8043;
953,8541,1729,3054,3830;
4424,1981,1896,9633,8484;
3912,8479,56,3620,4454;
5606,5770,2539,2216,5258;
7442,7123,8139,127,692;
6337,3102,337,5633,8612;
9897,8715,2906,7667,4840;
2165,145,9745,9231,3907;
9872,4783,1496,4850,5600;
3026,5366,4680,9856,9094;
3632,9309,6158,2349,1212;
1844,7592,3771,4866,854;
9479,5224,4449,2100,8387;
9633,1463,107,8281,4423;
3843,5467,3678,9138,5681;
9104,3519,9495,9359,4992;
6743,1862,9463,2589,480;
5337,6127,2959,8791,7671;
4183,9139,5674,1049,7197;
7046,6956,6752,7079,2027;
1173,5487,3800,3752,211;
8588,8381,7666,7044,327;
5669,1196,1549,946,2990;
1588,1515,4897,7512,5729;
652,7493,212,3547,4179;
8678,2412,9086,9446,2820;
2977,1717,5780,6607,9295;
7822,6719,3090,3659,5326;
5121,999,7479,3908,3028;
6019,123,2782,622,8749;
6121,5660,6487,2665,3692;
9096,3343,3273,7442,2801;
8611,2981,3690,2165,5138;
4218,6452,4766,9475,8284;
621,2256,1561,1956,439;
7342,6278,455,5637,693;
6318,518,9726,9417,8781;
4204,619,1617,2604,6545;
8577,9887,2598,1674,8430;
1499,8945,3510,1920,5272;
7752,2115,3738,3864,5962;
2093,488,2605,5482,767;
822,5080,3330,4017,263;
5156,9074,1240,2959,2927;
7173,1683,2529,1171,3258;
499,2739,7047,3986,3287;
6186,2228,7273,7197,4214;
1914,3341,7226,6321,662;
79,670,8186,5757,6105;
5704,2295,1227,9899,7046;
2285,2377,2308,5474,9172;
5586,2351,7097,4980,919;
4558,5245,85,4492,508;
5915,199,2724,5491,7399;
6430,5752,8888,7067,1187;
5852,9370,3925,5214,467;
8148,3028,5664,4128,9252;
1304,8337,3296,9464,7522;
4941,9574,5283,866,1257;
5502,8657,2943,4395,1082;
3771,5013,9962,7762,6853;
7666,6009,9981,1703,8276;
5415,5464,3132,4588,7361;
3508,7156,8776,7647,5707;
5628,968,762,7418,8688;
6629,8216,7215,5028,8669;
9540,3304,3006,1224,3476;
7256,567,1683,2876,7437;
341,2824,5953,1685,3300;
7606,32,839,9424,9513;
2353,9673,6219,4794,3308;
9543,3460,6033,5048,5540;
9528,3215,1094,5141,9612;
9304,7761,2207,6506,4328;
2786,292,5477,3422,9654;
8893,1421,6620,5450,3014;
8757,5596,7980,8906,2641;
4855,5872,8612,4282,6489;
2744,6897,4916,4478,646;
2825,8777,6586,5036,2300;
7539,1502,3240,6765,315;
2422,900,4187,9668,1956;
7152,841,8974,6997,6523;
9626,975,6034,1709,2771;
3703,7875,5716,6967,3130;
8154,5757,5001,8770,3379;
6421,8910,1124,1370,4576;
9444,5186,9585,4292,6667;
4407,6400,9638,1829,7940;
626,4110,9702,9674,7354;
2809,8493,1337,2966,3973;
2529,4339,2344,9835,5956;
9377,1083,8955,5509,130;
2407,7196,6072,564,6241;
4192,871,6258,5959,8175;
2279,4493,397,6833,4379;
3173,2370,5573,4881,4428;
6704,8964,3668,9650,2286;
886,5244,1788,131,3644;
4651,8865,6551,1041,1303;
2515,9783,6361,5617,4822;
3390,4963,9779,3831,3725;
7261,6352,9821,9167,8226;
2610,1494,7656,659,1349;
7332,9826,7691,2147,7336;
133,9579,9838,3903,4242;
8423,3821,1076,411,7691;
3206,3446,180,9551,3680;
6344,3692,4490,2619,7147;
1009,9833,3973,368,8912;
5879,6942,7549,9132,530;
9612,8258,6482,9934,6021;
1756,3164,5657,3091,447;
5006,7211,8630,5170,1826;
4568,4668,5326,2589,6562;
9612,7599,2217,8378,6517;
2866,1231,9312,7965,6636;
2252,3823,4525,703,8360;
7081,9353,6674,7476,3668;
7478,2548,6286,3632,7069;
8275,9104,7821,8316,9972;
3499,8294,542,4807,3799;
6499,3554,7635,3508,5362;
4074,3797,543,2603,5541;
2873,6317,1616,5629,1912;
9766,7900,2064,982,4734;
9631,6780,6154,3671,625;
6364,4113,6976,2491,4392;
4884,3822,5899,775,3339;
7039,1383,6432,5207,332;
2268,1999,2660,5527,5115;
2621,2303,2208,4977,704;
7376,2647,5521,7217,5998;
9985,8120,7126,9034,6078;
3629,7846,1200,8423,3524;
8570,3750,5798,6355,9072;
6172,9581,7592,9994,4691;
2569,9107,2154,8743,4571;
1233,6233,4124,6582,4267;
2034,4509,4665,6140,4417;
7283,4781,6809,9313,766;
3429,6292,6351,6102,4097;
3762,1364,8856,1947,1963;
1626,8135,1469,1242,9448;
4756,6281,4548,540,1863;
3952,8485,1785,9611,6041;
5803,6855,5645,1574,3117;
8374,8215,8279,2302,7779;
1353,1766,8664,672,3634;
7667,4532,2916,8803,6595;
5924,4169,7614,1515,6587;
816,963,4972,2677,1566;
817,9957,3052,2480,7042;
7701,1099,3320,9529,2032;
2832,4163,3242,1914,1558;
6811,5203,3133,5900,1335;
5039,1987,9435,8953,6686;
4395,4639,1251,6187,9508;
7919,4922,6943,8733,7870;
7594,864,7301,3137,8074;
2652,7951,4008,211,2365;
3143,2888,4614,4189,6102;
4948,2418,3394,9358,936;
7916,3215,3835,7036,3333;
1693,6965,848,6750,9722;
6055,158,3709,7237,1072;
8234,8416,8362,4921,859;
3224,3793,8578,8223,6140;
6673,3383,4549,4231,1843;
1767,4985,1556,3523,9288;
6507,3178,8372,4624,4915;
9924,4467,2326,4248,6303;
6849,9003,7397,9474,4800;
6115,204,1974,137,2983;
9997,3501,2561,2870,3169;
6024,2428,4877,2362,495;
6789,9814,7237,9848,721;
3829,7488,3612,1223,3916;
2795,6885,6619,234,9979;
6663,4893,965,4193,9841;
7106,8333,3921,4291,3783;
7534,9777,4318,3330,7337;
483,1698,9731,6048,4793;
4778,3708,1895,1147,5615;
2750,170,7873,8607,4651;
1285,9765,6204,732,5313;
4541,7788,101,2401,215;
7843,7061,1685,2647,7200;
7651,9963,728,9664,3606;
4528,7476,949,1624,6504;
5325,724,2652,3482,1555;
7929,664,5189,314,4968;
7919,4427,408,5334,941;
8952,9108,3828,9806,8654;
2633,9026,6774,3512,4713;
9027,9921,4144,7786,8587;
9132,1740,9079,5979,3870;
1480,1667,9563,8063,2639;
8387,1644,392,271,6728;
5578,2578,2271,2968,6295;
6500,8487,5078,3151,3605;
2042,9791,2753,4732,2547;
2484,5519,5104,4852,2623;
8590,8784,4693,9857,5458;
5172,6256,1632,1591,4463;
4811,2800,6048,8140,3100;
3700,7113,2516,1927,4135;
4060,9191,6503,7233,3693;
8263,4157,7574,4748,9680;
8413,2197,4069,7979,8486;
8622,4269,9312,8305,6501;
7717,8957,6878,5176,4356;
9615,8725,5306,4740,4402;
5859,8511,2455,4501,6098;
7101,1476,6311,1024,3933;
3884,395,5010,5140,2268;
6860,3164,9529,4187,4038;
9867,5818,7450,4847,8050;
5909,7826,2969,9393,8710;
9766,4907,2693,6380,9562;
814,8700,2069,6906,5090;
4904,261,2901,482,9308;
7606,4498,5690,8454,5120;
9080,9294,5431,2494,2603;
676,5095,3262,5110,6630;
6610,1809,6308,911,3568;
4732,4955,15,7559,2738;
2564,7867,8925,6875,8212;
2214,6867,5088,8006,5081;
972,6216,4663,1747,1882;
730,2803,7278,9272,8014;
4681,7828,7539,5331,2536;
9830,4531,6805,8435,9015;
2687,786,1695,319,2501;
3978,3218,4291,1287,640;
9911,9897,7704,5818,1576;
7640,166,2511,4741,6548;
7857,1342,297,7979,4657;
5568,4436,3578,6819,8989;
4386,3877,3032,5002,161;
789,8688,197,1316,6969;
7014,226,9331,3423,3020;
2937,6737,8002,5225,1015;
6690,2859,6785,9038,7375;
126,7835,2452,3130,3574;
6073,2813,1582,721,4630;
8056,6429,8268,1077,3216;
6334,60,5040,1858,2665;
3028,7270,6820,9567,7998;
7791,2148,5144,1701,3750;
5012,2210,6173,9165,9575;
5031,2831,2418,6585,1808;
882,4494,1795,499,6520;
5869,6380,8895,6627,5990;
2607,2702,1743,170,7566;
6275,3860,7796,7131,3327;
9445,2126,9087,4576,8902;
9298,2739,7451,8863,178;
5840,3619,7937,9251,4322;
4206,2904,2273,113,8062;
8281,1007,5018,745,6943;
7177,7233,9421,5553,996;
3362,8633,8934,4308,3731;
5303,2930,7231,112,4144;
4651,3159,4704,9157,3382;
8663,1841,1011,6948,2537;
4511,8686,8988,5324,1516;
20,5826,5092,2575,6976;
2568,7528,5237,1170,81;
7173,6075,4785,2220,5853;
902,6546,1350,4536,5885;
8677,1214,771,3706,805;
5568,1474,5743,1818,1366;
11,6216,6134,7248,1558;
7005,2421,8988,9916,4964;
1950,5821,4844,1602,7518;
1204,1835,7340,2318,8906;
84,3132,9554,122,7020;
6897,1188,391,4900,9734;
8446,514,6880,7826,7417;
5498,4499,3045,7765,7772;
2919,9106,1280,7626,1459;
7767,1780,3248,2710,5071;
7359,5951,8964,707,236;
2159,7048,9822,1849,1299;
1700,2463,3420,9815,7643;
8864,9825,9173,5521,1710;
1520,5589,5809,269,9781;
8511,84,5297,4917,8347;
9305,1533,7171,5594,194;
8599,633,7538,488,7953;
1221,4735,3410,6074,9388;
9565,2786,6224,6023,6660;
5283,7476,3616,8404,7537;
5361,3377,28,5217,9144;
5760,7976,2434,6121,9277;
5782,4803,8708,9783,5230;
6694,5381,3412,8677,1465;
8838,7762,6720,9495,3313;
931,4209,9002,8690,5727;
6671,798,9316,1752,7106;
5789,7999,1093,9781,5240;
2780,1084,5884,6531,6305;
393,2032,2096,4735,2970;
6304,8293,6224,4330,67;
4401,467,4374,958,929;
6118,9498,2825,9056,3537;
6983,2606,2529,4766,4489;
4259,6376,9131,9387,1034;
4626,6489,7687,8140,6887;
6548,3952,666,9862,4081;
2145,3163,9163,8292,8269;
8654,464,6953,4514,707;
2928,6952,4871,623,2969;
4037,9185,7900,8648,6711;
9447,5188,3624,6897,1276;
2517,7579,3463,8177,4919;
3796,4163,3832,2377,4578;
2534,1911,1635,4033,3330;
2211,5917,2581,4662,9566;
1821,2397,8977,1697,8643;
5234,2279,3830,5819,9939;
6379,2073,5398,4523,5009;
2737,4922,7235,7568,4020;
8004,7461,6433,608,1068;
1371,9888,9286,1380,6667;
3227,4445,4427,2127,2557;
9241,2961,4223,9285,8443;
8280,4398,1240,2530,9711;
4969,9065,9903,4320,1834;
2024,6136,8490,6245,5641;
6010,5634,6242,4826,9101;
7096,9270,3505,7304,5050;
5472,525,8539,6235,698;
1944,8790,7653,6658,3479;
8325,4132,7584,2798,2744;
9158,3383,5098,4511,3165;
4376,6061,1402,5201,626;
7934,8600,5708,5750,5111;
6055,1081,1701,4068,6970;
6006,3610,1457,3275,7850;
40,3397,3916,5851,3139;
554,6760,8135,977,6125;
9003,8200,6722,229,9704;
2363,3170,9706,6852,9533;
9406,1290,3282,1086,1711;
4905,9731,6974,6472,8663;
9831,9037,9313,3445,7668;
8332,4863,2119,7372,686;
2176,1164,330,9800,1126;
8763,2021,1596,1920,8167;
5674,2751,8978,8154,3598;
7710,8928,3482,3083,3627;
9342,7817,1385,5390,1950;
1980,2357,5257,9760,6385;
3404,9370,8908,5800,4459;
7496,6091,3497,9315,5697;
1021,1115,2819,9805,613;
9044,4976,1886,8185,3983;
3088,9059,2113,7255,2631;
5868,2592,9335,3238,9036;
8086,5491,9138,3810,904;
3611,3907,4700,7927,2382;
264,5664,8173,745,1045;
760,3467,7941,611,8456;
7582,8384,6247,2139,9860;
5095,5231,4642,4194,8909;
9604,2755,8617,644,8460;
9495,4091,3177,235,6573;
8724,2924,5327,5261,1059;
4670,7541,8866,964,9427;
3566,92,9208,1259,2745;
9834,3322,4742,9223,9145;
8275,3241,3535,6630,5000;
1748,7882,3144,4338,1145;
9288,4351,6547,6228,5005;
6937,5431,8825,9192,3256;
6213,2199,7574,539,720;
285,8391,9244,1073,4082;
3455,9880,6189,4195,910;
8279,7432,6724,1777,1411;
9472,7148,2249,4092,6979;
9358,9369,3854,1107,7724;
6863,1659,4537,993,3710;
8843,1604,2607,5816,7348;
7284,4520,4637,3456,3876;
5389,9033,4585,4736,384;
8731,6174,5441,6411,5212;
6374,9403,9995,2023,6424;
9976,7878,9342,1508,6439;
492,169,6807,1491,7981;
5210,7513,8063,3674,2458;
2524,6515,3949,2366,9192;
3754,8560,137,8386,865;
1491,8754,1642,4573,6320;
4796,8187,2865,8472,9846;
288,8238,2734,1761,5968;
8583,6172,2376,172,4869;
7450,3657,2402,7434,1767;
4185,4136,4349,6758,6472;
6231,1049,7000,535,3876;
762,5311,6189,5403,8853;
7127,3019,3858,4015,3553;
7856,7266,7306,7109,8350;
6491,2309,2895,7555,4218;
4195,4800,3071,2612,6430;
726,8231,4818,7851,7765;
5901,5500,1793,5850,6841;
5990,8949,2806,6287,7015;
4171,4468,9448,2830,4035;
243,6204,3738,7166,7419;
1461,4345,4498,8528,5547;
981,4225,1206,392,9756;
1332,2732,7114,2538,5826;
7070,8381,5845,2704,8774;
1984,1599,988,9567,4436;
7675,4717,2998,5697,4661;
8032,3878,3947,8570,4073;
820,6912,9984,5761,7644;
4043,3145,5020,3623,4180;
4146,7579,7631,3496,5159;
2192,6651,9296,4771,5533;
175,5168,578,5602,900;
9022,9817,4452,6775,6286;
2873,8932,4448,2773,3277;
3021,8292,3028,2149,9286;
3700,5056,82,8726,2882;
5992,3174,652,515,2108;
3185,5024,5072,9097,4804;
5654,1267,2136,3976,3375;
2154,8388,4202,6341,8564;
1573,1109,1572,4299,6682;
5615,6275,5074,8749,7028;
3303,5965,3154,4220,6665;
9200,678,3857,1842,7841;
8577,1297,6999,2249,455;
5176,3852,269,9856,9378;
7915,477,3158,4485,8075;
3418,7461,1529,6757,3126;
5332,7198,4779,8804,3910;
4802,5124,3306,3958,5834;
1538,5408,8437,6543,7566;
3439,160,8984,1308,8309;
1471,2487,7666,2364,4054;
8577,289,9068,9678,5196;
8083,6647,7500,6374,1152;
5155,6505,9337,5344,1762;
4939,4170,7082,4662,6459;
7298,3194,6960,4472,9975;
7051,8996,4022,9076,8652;
2808,4308,8366,7948,8383;
8559,6436,4617,3366,2175;
4635,8162,2796,8389,7629;
81,6806,3711,330,6614;
6215,1412,3512,7094,2226;
5708,4963,2376,9758,8706;
5787,667,8287,6219,3872;
5309,7732,4128,2591,7973;
6611,5352,1166,7624,3989;
9451,858,8922,743,797;
5708,2427,7712,1002,9751;
1206,3633,9592,370,3508;
4350,5215,1230,3028,6720;
2135,6821,8111,8562,9199;
9964,9771,7901,7619,920;
6758,1282,3428,9756,3370;
3655,8242,7889,1030,6266;
522,24,2249,2541,8012;
9985,9973,8867,9153,358;
5425,481,5260,4999,8845;
2449,8191,9308,9832,8444;
7322,7439,7633,7901,6559;
3669,831,7477,1597,9206;
9259,8802,6917,7941,1006;
3340,7659,6482,3088,2790;
2524,4358,6780,5827,437;
9549,2552,6792,4182,1815;
3953,3420,5744,4732,9938;
1907,7197,3223,5943,9452;
4009,7176,6152,4398,9027;
5780,1197,8543,1623,3752;
3535,610,7803,6214,3970;
5771,1248,7705,290,504;
416,8044,5190,644,8774;
5672,8111,1131,972,1444;
2026,3902,7376,3579,2625;
8968,4538,5378,5203,5693;
5151,419,7620,1947,6920;
4285,2631,7854,4120,5112;
8861,2644,7253,7888,2626;
7343,6139,9751,3154,6649;
241,8666,415,6738,1976;
9630,3995,6124,4891,4670;
2752,8096,6605,591,4705;
3710,8904,5319,466,669;
3528,9229,3911,2049,2022;
7980,1705,5103,3023,8445;
106,7927,9524,9506,3835;
9874,3710,1642,2962,7014;
8738,7887,6801,5939,6935;
6140,23,8342,4269,6738;
7190,4638,9735,8664,6874;
2333,4197,2127,4470,2977;
6981,4677,895,6982,9655;
2377,8884,7006,6701,3455;
2249,8010,2045,5642,6738;
4465,3462,6903,3328,958;
6701,4584,8584,1043,1014;
7030,3063,7232,1862,875;
1669,2361,3240,8570,5925;
4629,3835,4637,7034,3428;
4439,8547,9206,5167,2971;
6039,4705,3924,7812,6026;
8795,2288,7641,8871,5953;
7454,6541,5460,4776,1011;
2648,6396,3618,8840,6563;
4873,4179,7579,315,1163;
7069,4435,8449,5569,1783;
2645,2880,5189,9918,6175;
512,3384,9784,658,9170;
1348,5877,8180,4996,853;
1740,1423,8815,5860,6062;
7664,2570,8450,8848,5998;
635,8402,3410,9174,8602;
1192,4845,6686,5060,430;
82,1979,8505,1260,7899;
3093,2771,8434,8016,8025;
1955,1774,9236,6640,2389;
7082,7210,7943,1149,5458;
7810,6441,427,289,647;
6520,1601,6092,9902,6321;
9062,2497,7744,3725,7307;
4010,147,5099,4273,3087;
9804,898,5907,499,3912;
7541,8905,8349,7960,6736;
4787,5390,6255,7604,1559;
7587,7153,8885,9191,4438;
3236,2684,5506,2065,864;
604,143,1068,1693,3033;
5772,3622,6982,7093,3321;
4583,4487,3366,8192,4668;
2202,493,8933,8907,5064;
3413,8907,7720,5077,2895;
3693,604,1361,2256,6675;
333,5803,9544,9028,1065;
8794,4590,9837,9426,662;
7111,3754,4753,4860,9001;
572,2177,4343,6276,2960;
5449,9789,867,308,920;
6757,3996,7443,9485,8881;
2968,6417,1466,3920,7205;
4803,5442,6788,6809,7363;
161,9242,8410,1745,1674;
8088,5627,5165,5191,4240;
9110,3090,6370,8626,4663;
799,6111,1807,8036,4571;
9134,4040,4752,371,8354;
3392,2406,2128,7688,4679;
9056,894,8840,3644,2259;
7882,6843,9873,8243,7338;
2169,6463,682,9353,4799;
7724,150,1094,4466,640;
4779,3815,1676,2691,8995;
3256,338,3712,2828,540;
8841,4350,9889,2737,6945;
5259,7869,8100,1428,3722;
6486,9695,7978,6029,9861;
2970,2912,8363,9095,838;
9321,8545,4096,8767,5491;
5558,4314,3818,1684,7402;
8493,5288,9560,2516,2402;
7437,814,6337,9144,2320;
5693,4948,1953,2984,9244;
71,9750,4012,2291,1931;
8436,5676,5387,5185,1363;
1899,9374,6696,5702,4770;
4614,6826,2902,2180,2770;
13,904,6829,1337,7644;
8663,7835,1184,2937,8031;
144,6771,7705,5538,7245;
7738,9301,6378,5729,2838;
7790,2693,6557,3284,3113;
3972,5077,8800,1899,9974;
4941,4423,4929,472,2161;
4548,7842,6166,781,4146;
5295,5768,7623,2407,5290;
5875,9029,8764,8045,9613;
5095,9045,2518,5317,2333;
6028,4722,2400,5200,3750;
613,1669,4973,8948,8578;
2309,4386,9604,3811,1413;
4672,9224,5322,8891,2663;
4218,8581,7797,2500,2031;
9,5130,3400,1302,5243;
7771,7036,8234,4973,7267;
129,5728,7336,3014,6128;
5093,636,5619,3708,170;
6426,4823,4455,5411,594;
9365,7414,1084,3594,3745;
6133,1751,6805,1390,6082;
3351,693,2459,4782,722;
2509,2584,9885,5893,7760;
1519,2572,672,7376,4474;
725,583,1823,982,6959;
8481,521,1730,6892,1212;
6944,60,1682,2138,1270;
2917,8628,632,4905,3732;
7223,6397,5654,1491,2727;
3902,2719,497,1707,9195;
2145,9540,5794,3268,2708;
1462,1381,1107,4525,6961;
7129,2948,1778,5082,8446;
3839,6664,7972,5893,2221;
4677,654,9636,6085,9420;
286,6169,561,1018,3146;
7712,7897,7177,5152,7434;
5150,6402,2096,6909,5739;
7330,6509,1747,9357,4256;
4012,2290,9933,9324,1312;
5615,5985,3617,3129,750;
1081,265,4546,3418,6319;
7231,8439,6065,9697,4781;
5612,999,1396,967,3150;
9545,6852,267,4913,3707;
8603,9086,5389,6955,9849;
8812,4803,9866,812,75;
7767,9709,2262,501,7434;
5018,1990,6757,6896,2459;
8242,3088,5237,7131,5753;
2606,6444,9700,1542,7790;
869,8781,564,3147,2030;
4123,2240,8234,1796,5699;
2586,7936,5917,1147,5544;
8304,1042,1680,34,2307;
2396,6213,8825,7237,9424;
3307,4214,1317,7742,5296;
7163,7702,703,6162,7395;
2803,9820,282,4346,1393;
6652,9785,3628,8897,3840;
2378,2858,3055,941,9464;
1409,6516,5158,5697,349;
8812,3724,5996,4410,1982;
7794,8840,2679,6174,3983;
6005,7240,1641,7780,9200;
1917,6280,7177,7723,9181;
3614,2980,1175,9249,2183;
3835,5422,3585,5048,1216;
6740,6537,4357,5138,8291;
2324,5936,8683,4702,8928;
9369,4967,4070,8909,7188;
2020,2826,4695,960,1287;
4925,2539,4596,2266,6645;
8049,8342,795,8406,4865;
2902,2675,2240,4272,8486;
8765,1018,2607,3813,6883;
8143,1694,2714,2376,5188;
8885,5141,1890,8070,7611;
7536,1431,4006,4167,5651;
3219,3817,5015,3328,1520;
8872,1802,1933,8485,3848;
6661,2596,204,7081,8733;
4039,8585,2188,8214,1076;
2913,9061,4794,1695,7804;
2624,9634,4843,1371,4109;
5992,1647,9013,9579,3894;
3379,1788,460,9835,8437;
2443,3720,6257,7510,8917;
9214,7263,4643,5618,3246;
4867,9577,5563,9784,8171;
5146,581,9654,5785,4969;
5060,917,3470,7814,7554;
5424,1176,1566,9028,2878;
6798,4205,6687,1090,5768;
1532,5010,1048,667,5360;
9947,3455,7503,108,6901;
5555,9377,1932,2365,1241;
4941,6230,3049,6109,6457;
1547,3552,7372,5739,1991;
3364,5381,6482,651,1587;
7554,7599,483,1804,9606;
9721,8937,4459,6449,6523;
7973,7532,2523,4014,6009;
5428,9062,6458,2889,5227;
2875,6412,2851,2272,7064;
7705,1888,8229,230,8908;
2742,2808,4327,8830,4345;
1422,1890,5559,9198,9010;
4085,481,9744,3120,1670;
1902,803,4311,3178,7104;
4604,6680,6425,1459,1385;
6016,1726,5736,1500,4712;
4112,6580,1704,4413,9138;
7022,1808,8577,1818,7218;
8555,2883,2376,3933,443;
5369,1113,282,7556,7952;
677,9784,6120,3427,2310;
5767,47,3398,3507,7577;
7019,7674,7929,286,3100;
7226,9712,7261,6880,6704;
2624,4406,576,9472,5788;
4886,370,7610,6338,7691;
5077,2910,2152,4460,254;
9112,3586,3333,3065,9108;
2423,3707,3019,5199,6149;
620,7765,8486,1833,1289;
378,9591,880,202,7745;
7731,7933,4215,3667,7145;
8643,5406,7463,4686,9635;
8215,4434,8232,8762,7869;
2363,4605,574,6547,4681;
5000,633,7243,6473,5434;
1760,2865,7619,1467,9011;
5839,3709,4771,1462,217;
7880,1888,8933,4232,3829;
7061,2632,3,8011,3777;
3925,2321,4337,7420,5907;
7868,1089,9823,7432,2728;
1549,6658,9078,8020,743;
8392,8133,4284,6181,3204;
1972,170,7383,6521,975;
428,3475,4501,5148,7985;
312,6809,4809,8193,579;
3450,130,1543,4307,8186;
9127,8064,8413,1657,9331;
6485,3476,2280,6051,844;
8708,7503,7404,1250,4104;
3881,9031,6341,510,2763;
2413,2520,4745,2325,7932;
6687,6628,2981,3508,3874;
5530,3337,3034,7324,6692;
8869,6499,210,3999,9566;
2797,4134,1554,3940,7721;
6528,3241,7956,915,7525;
8914,8383,6388,6954,4959;
3197,9889,1745,4867,3300;
8761,5934,3032,4428,1798;
5359,5240,9468,977,9622;
4766,5420,4511,635,2429;
3036,2796,8951,8737,3111;
5664,6298,2009,8632,7270;
8632,7938,3869,8056,530;
1857,6905,1628,1141,2675;
2904,3864,6284,6881,1404;
8046,2459,8370,1916,4867;
2021,3163,1626,8563,623;
1285,3574,5990,2603,3966;
5073,7061,5437,9811,3346;
1071,3558,9868,6590,3781;
5749,2240,6253,1481,8543;
1655,7625,5956,8249,696;
3851,9239,6439,7492,1099;
7292,1377,6468,4423,8403;
9891,7947,438,5357,7203;
9184,9601,4613,1112,6524;
9436,400,7972,2200,79;
5198,3006,3300,9927,9291;
2204,8104,3807,6109,5069;
8053,1964,631,7738,476;
8935,4646,868,113,3886;
8941,9882,8714,2869,835;
2200,1494,7097,8925,8999;
6554,728,1846,4233,5629;
9165,1122,1219,9447,8593;
4234,5759,7543,5646,9433;
4678,4988,9597,5588,9856;
3680,8729,1872,3882,4702;
2077,5443,5570,3842,8499;
8212,3213,1266,5960,9043;
3202,2833,7898,4230,3157;
7101,2788,9135,4139,1207;
2401,2974,7294,897,748;
5824,9992,2221,3118,4185;
437,3119,6825,6522,9796;
2166,6817,5777,6114,8800;
9951,1323,1317,3960,4421;
7835,6625,454,1983,934;
3688,6840,9424,9122,3035;
8582,5692,7905,7708,3144;
1277,191,9309,5793,6669;
3553,7275,1817,9972,7381;
8454,2759,3050,8369,7849;
8671,2746,9311,199,7578;
4809,7470,4960,2397,9221;
2782,4262,2245,9913,9645;
3067,5928,3189,4425,8346;
5256,68,5332,6783,6152;
74,293,8750,5410,420;
5050,1483,1927,3376,3551;
7589,9043,3459,9230,83;
569,3314,3719,1268,8507;
4580,8527,9306,779,2967;
6167,2046,4357,8568,6465;
4852,5140,9223,9736,1043;
6691,9154,7117,4749,1078;
8425,3553,2468,111,8990;
6279,8156,9336,2287,8793;
7410,2654,6817,6278,8626;
2390,6367,6766,1394,6408;
1169,9809,3094,8355,157;
5469,6194,862,1092,6480;
6483,2985,8776,4198,1473;
650,8844,4701,1426,9662;
8867,2805,1703,5636,9082;
3211,6240,9633,7157,6418;
2016,8838,1688,7165,6759;
8183,7517,3844,4683,711;
7459,2702,323,6396,8876;
7725,3086,3739,5315,6462;
782,4691,5009,6414,768;
7666,5915,4784,5744,3222;
5906,3688,9432,9694,1428;
2861,6544,3885,1345,6508;
794,8354,2635,5122,102;
2943,3596,5680,2471,704;
5287,5786,805,6545,4696;
3459,348,203,5230,4083;
3861,8892,9424,9307,6616;
2334,9062,3557,9798,9302;
6844,6136,1761,7488,4253;
5732,1945,3986,1080,5243;
1732,8727,5295,2739,6012;
7787,195,3425,4936,5283;
862,7180,7357,5348,6843;
5315,2186,7471,269,2439;
1907,5730,1702,625,6506;
2982,71,7358,9856,1135;
3518,8718,7015,104,9633;
5988,9094,8608,1121,698;
5000,2487,7810,1035,7747;
108,8272,2555,4283,417;
3009,1106,6674,6055,2902;
582,888,8533,274,5618;
8854,1841,409,3079,17;
7023,9566,1429,9783,6125;
5172,215,4970,5651,6141;
2388,5078,3259,8294,16;
7737,4102,4598,6134,7132;
6959,3732,3438,7478,8672;
5086,7483,6943,1472,999;
6935,8304,4981,2601,5479;
6316,1893,5443,1753,1973;
9773,7322,8670,5250,8069;
1664,1825,8218,2677,8187;
4620,8849,2724,3968,2498;
4755,733,8072,6331,5195;
4398,9570,5024,7989,3923;
5577,7139,2223,7515,7525;
8366,593,8759,4169,1249;
2409,8728,5404,6979,762;
1565,8047,1743,8001,6619;
4009,4596,4425,3037,8146;
6683,3979,5221,6738,7663;
7911,9,3414,3469,4771;
252,3306,9573,9505,4054;
2042,708,5633,1986,8854;
2239,2607,9903,8082,9143;
3593,7350,799,5666,1499;
196,7702,8651,5093,9646;
106,2840,1388,1047,7232;
2056,9255,3318,2686,4403;
6764,256,9448,7615,4328;
7696,7229,3098,4899,8856;
3270,2401,4844,7812,8235;
3829,2193,219,6391,8911;
5335,2015,2377,884,5673;
6545,4427,3578,3322,197;
7626,9426,8594,9676,7893;
299,1555,1759,2640,1359;
7695,4179,3702,2072,5348;
4035,1540,9034,1088,3565;
4741,2550,4039,8486,5519;
6165,6519,7901,7123,6279;
2654,2009,4465,2323,8430;
3060,7469,678,6993,2052;
3079,2681,9145,8647,1205;
2535,2395,1602,1162,5258;
8332,2236,9300,5098,9735;
9660,3270,424,8112,5939;
169,9850,8206,6562,3114;
104,3571,3687,7090,5620;
9397,3034,9313,5714,7914;
8559,7440,9578,669,9725;
67,1747,2372,4833,5611;
7669,6302,3552,684,1260;
2026,152,4185,7558,9170;
6355,8912,6904,8860,5854;
3042,8383,8915,9176,4757;
5590,6283,3777,4192,9832;
767,7489,4373,574,8840;
67,2780,9586,9650,7824;
1467,5800,4572,2757,9256;
5604,7765,586,8013,8820;
626,2078,9634,2285,9074;
2567,6755,8935,6892,9628;
7847,7792,1069,6380,6480;
4551,3831,8248,6143,7125;
9339,12,7768,180,5743;
5895,3572,153,3539,575;
6684,9371,3580,8054,2244;
5465,6302,3023,1664,4154;
565,8349,140,5788,434;
1867,9911,8814,8959,24;
4634,8351,6170,531,577;
3553,2413,9667,5872,2753;
9805,7008,957,8198,1405;
9614,2760,4492,2007,7632;
5482,4388,4527,8861,2924;
6886,8044,9196,9476,9497;
1887,2956,4726,2156,61;
1046,287,3546,3644,5722;
8191,677,1201,1610,7983;
3319,4617,2559,1771,8573;
7993,1207,7998,8490,6199;
2461,8052,83,8794,9961;
8568,5600,9703,7631,1329;
71,8904,6022,3245,4414;
2071,5993,5849,5498,2284;
2286,8352,639,2335,2742;
6077,934,887,4316,1211;
7390,4666,7090,7461,5799;
7959,1532,5978,2576,8022;
8146,3723,5309,7196,4596;
7739,6702,4828,5209,6898;
9078,87,5258,4919,9295;
1459,2981,7830,7453,9315;
9841,5050,8310,469,617;
3253,7678,1832,4799,5245;
9940,2146,2373,1099,3724;
4217,6641,9055,5618,6754;
9904,2423,5055,9415,4555;
831,599,7924,9612,8899;
8490,5606,6438,5477,2700;
3583,6740,984,9216,5885;
9893,6228,6705,7410,5357;
1950,1669,2666,8191,8467;
7077,4285,870,5076,488;
7722,6296,8018,2439,5744;
5544,9778,9781,6433,29;
43,4547,3217,8830,9228;
9053,6009,9842,7358,2027;
5034,1466,7341,8330,1268;
5915,9341,7452,3780,7848;
8582,2740,1408,3070,84;
7842,1747,7897,4893,9032;
7905,1831,5619,5001,3798;
4289,2276,2967,8041,1476;
8770,9938,4053,6126,5637;
5928,8473,2125,8478,2052;
4839,5035,3022,9169,9813;
7730,5856,7391,5416,9030;
4359,5716,3201,851,4802;
5301,2504,7295,3818,6285;
9381,4723,9978,6595,2952;
8941,6787,3362,1625,4563;
9690,4547,9076,1395,3812;
3406,3155,3672,4613,2593;
579,4328,7531,3838,9944;
2626,4347,6233,7720,8194;
3932,1899,6040,6384,8070;
2421,3618,4639,5249,1792;
9388,6233,3128,7824,3905;
4053,5410,8261,7535,7573;
3770,7398,3031,2902,2674;
4697,5867,9709,9618,3246;
1923,7055,5822,5625,7295;
9435,8221,7348,2555,2486;
7419,7213,1169,4349,6696;
7751,2471,223,7714,2134;
7276,3214,922,9574,9873;
6003,578,7232,9798,3975;
5847,7633,3382,5837,2578;
7741,4248,6581,7051,6621;
3553,9630,5089,5701,7069;
2097,5391,8005,7943,9615;
8785,7870,4280,9441,5419;
4761,486,3133,6792,3160;
9821,7671,2998,9984,8051;
4981,1924,2080,5909,3218;
283,3651,9066,6754,8437;
7396,2628,7762,6555,3119;
5362,8052,5085,5722,3652;
5353,1799,1751,3678,5276;
6491,3140,8923,2530,733;
4828,6832,3245,3408,7775;
2277,505,7623,9201,2021;
1318,2731,6331,4631,6537;
5938,7963,4625,3583,6548;
2273,606,939,6948,499;
7263,1604,4773,9308,8621;
5012,9825,6525,7091,3630;
30,3034,4837,3858,4409;
2185,3443,1403,1174,4402;
7922,3143,5249,5135,8665;
9980,4969,9243,7182,1910;
5933,7993,1112,7310,6052;
5796,9824,2366,2052,713;
486,2161,7039,1350,3058;
9011,1154,1467,3729,2698;
5196,1983,7470,8278,7441;
3575,9620,549,4440,8321;
2794,6238,316,2593,848;
412,2083,2843,2992,9939;
6032,9458,5074,2797,4215;
1633,8108,4895,3855,5708;
5876,6841,2172,1312,8923;
910,4822,9950,2233,75;
5252,6305,4186,5504,8758;
6492,5666,9168,2434,4105;
7601,3878,9713,8929,3847;
633,2844,8688,6674,1846;
5665,755,7287,741,7248;
7034,8514,9643,1102,4346;
4268,9550,8168,3009,1549;
9144,2899,9571,1221,8111;
204,2020,4769,7397,6288;
235,2044,8361,7835,4038;
5718,3592,4784,9453,5537;
7672,1056,45,8757,4422;
9769,5569,1248,1523,6057;
9200,9542,7485,522,9324;
7652,5497,3786,4527,7282;
8974,2707,5853,4450,648;
7511,6773,499,5989,9646;
1411,74,1452,7597,6687;
7460,8315,4368,7574,4567;
7809,3839,2205,8026,8527;
2413,8755,1150,2367,4526;
1368,4656,7815,323,655;
6048,9046,3025,8300,1132;
7964,2218,3245,2045,8517;
9356,8486,253,716,9913;
8125,3592,9536,2373,2087;
6960,5029,6605,7264,5987;
5470,4465,7402,5017,9501;
7641,2628,2071,5833,2533;
8489,9269,1763,1779,9423;
9503,5799,2876,4855,7225;
6526,4671,7252,5575,3869;
7548,293,8954,127,4037;
3839,304,376,8902,6421;
9109,8358,3584,7483,2815;
191,7738,3887,3322,9353;
3198,1468,4576,7605,2035;
689,44,8721,3615,8502;
5324,5760,5636,7031,2020;
6786,9966,2457,7539,2516;
6714,8311,2187,5698,4982;
233,5523,1385,531,8421;
9161,1465,8930,1981,338;
2850,5707,7331,4094,8659;
7658,3986,6247,8746,1062;
4582,9251,3666,7725,7308;
4115,7487,5205,4701,1268;
9861,7245,5360,4474,9811;
5415,2439,6617,8959,6238;
457,1463,9504,8931,9269;
5245,8708,3083,1005,5151;
8423,8689,5144,8122,6277;
3301,578,7366,6486,627;
6342,2252,3635,7929,9353;
8844,167,8627,1523,6156;
1665,696,7566,5678,3682;
8940,6707,8897,3687,9045;
5112,11,2261,5923,430;
2676,9500,8225,2616,184;
1069,8115,7171,8431,2623;
5893,9591,1056,5258,947;
6405,4078,6900,5948,6660;
7686,5786,6912,197,6449;
1882,1454,1342,2621,8412;
40,4105,7164,6269,8945;
4375,243,6157,7992,5887;
9168,4348,3551,1131,6207;
8486,2778,5243,7260,5249;
1099,1260,8685,982,1445;
4153,1742,9487,1840,5034;
415,1646,3694,37,2150;
6895,5442,7322,9010,1798;
2907,1050,8968,2681,721;
444,286,9405,6036,5529;
9923,5209,3740,707,1006;
4310,3990,3011,1467,1621;
7688,6756,7597,8234,4888;
8157,8953,8506,8478,2294;
1816,7216,6559,2481,1900;
1273,9780,3470,5730,494;
2604,4819,2742,3464,6463;
70,4169,6908,4484,4832;
1807,6593,4288,4181,7463;
4232,1814,6823,5305,3452;
900,5884,2137,3155,110;
3453,7847,4442,1701,5796;
409,5263,9056,2375,5301;
1449,457,7004,9564,1043;
9822,5345,1199,5784,1298;
87,9165,6189,4616,7792;
5079,8006,1627,4837,8352;
9930,9010,7904,8575,1276;
7209,434,1591,5431,4792;
4592,9769,4729,8361,6357;
3220,5916,7954,699,9921;
2444,2060,3872,3675,4267;
6573,8205,2115,7863,4135;
2995,1668,3863,6652,4567;
1319,6798,3449,9235,7386;
5159,505,687,8525,1259;
3808,8267,4173,5713,4903;
8188,3742,2079,771,6948;
4929,449,1455,3227,519;
6441,7644,7219,222,968;
631,3891,802,3561,2635;
1560,3765,9153,87,3994;
5676,220,4928,8809,3832;
2371,7155,4475,5027,4195;
1092,5375,3565,8486,6364;
8655,6850,3807,2113,3667;
59,8119,2066,209,6245;
6758,287,1696,2975,8637;
5128,6325,1224,7957,1914;
9006,7535,2981,8287,9289;
6730,7115,6982,9252,4466;
9377,6017,652,4720,2924;
7703,706,3134,8234,6956;
179,2704,2762,2100,4834;
4231,9715,9309,8978,3950;
899,8093,4787,2321,143;
7436,4478,6548,4090,5045;
8518,1246,4627,4581,1319;
8349,1126,9280,3636,2095;
1748,1965,7434,5830,2470;
963,5530,9384,9788,2470;
5895,6086,1340,3872,8539;
260,5614,8610,7339,5599;
676,9002,9662,910,185;
9015,5074,4086,7911,2649;
301,2884,6707,1030,9161;
1867,3288,9919,7621,3176;
9030,535,4347,9433,8054;
2588,8217,7991,2046,7104;
3781,1336,6763,6392,5892;
6595,2392,3098,4056,3639;
1333,7838,9868,8794,2978;
4267,9648,2015,7432,2579;
6802,8893,5425,8065,5467;
7263,5530,4635,468,4291;
1414,705,8805,7888,4185;
4132,6594,5699,4779,3455;
2701,9838,9060,4894,376;
4478,7242,269,7496,1787;
9223,4791,9748,2089,5137;
6157,6907,9735,4117,3440;
2694,9325,3257,9994,3523;
3300,4863,2972,5478,1838;
3795,1335,2642,8681,7960;
3693,6395,344,2419,31;
5410,6942,8339,4285,6723;
2794,3763,2366,4924,9720;
7126,7266,2232,3179,4425;
83,2734,9202,445,5373;
4937,6960,8420,9739,8133;
4584,6642,9943,2188,3023;
2377,7429,9212,7220,9244;
6983,1935,8905,1111,609;
8589,3507,4158,3009,3402;
7903,2346,4688,2514,7783;
6722,2480,1834,8423,3776;
7941,3930,4305,2310,75;
2851,1383,1714,6123,3121;
3960,3090,7983,2608,2889;
1681,9939,2415,1386,9121;
344,1079,7494,7883,9894;
4216,3109,8002,9590,4896;
6955,6329,2168,3025,55;
2227,8211,8200,7106,8529;
3275,509,714,3447,5672;
9412,9579,5657,4280,7631;
3213,2992,254,9627,448;
5823,771,7396,7220,1907;
5179,8618,1415,1912,1684;
7412,7646,753,2880,4633;
3199,3670,9262,1438,7476;
4295,2039,548,7614,3504;
3872,7088,2128,2899,5629;
7584,4562,1925,5515,8588;
4299,1723,5183,8414,4649;
1515,3680,2440,1203,5539;
5363,4435,4978,5934,1129;
9475,3008,6703,9725,80;
43,4862,256,446,9219;
7183,6939,4494,4795,9741;
753,5394,1247,6889,2937;
4638,3548,3205,7090,9173;
6030,6390,7048,5054,5968;
2577,4386,6581,4212,2475;
2679,1179,5481,316,9865;
16,2437,5646,1213,5692;
4560,2545,1388,7544,6965;
8754,1433,3423,7097,7385;
9376,4500,6338,8655,6749;
7900,8910,8873,6144,2806;
1162,1497,8185,2790,3744;
1682,4587,1141,9607,9216;
6212,1847,3131,5007,3754;
4864,5989,9258,5513,9869;
5182,9542,2973,3308,1030;
8185,8911,9858,7437,7448;
9067,8655,4205,9005,6174;
2303,4045,4249,2426,9227;
7428,1778,5938,1465,2658;
4301,2940,2147,6660,3327;
6033,1038,9885,7068,7904;
476,2064,5273,7786,3271;
2802,4417,1522,4318,9629;
4221,6319,9077,6715,8816;
7334,7461,8152,5638,9479;
6169,8022,3405,228,2020;
259,520,4065,2175,3927;
1155,7063,9627,5159,9932;
9105,2045,6346,9105,1191;
1088,3886,9759,2446,8597;
861,112,4848,1845,3484;
913,7348,6424,6015,2825;
2117,3567,3624,7242,3134;
3345,2559,916,9815,5766;
5067,8880,7260,7851,7975;
4612,2241,9685,284,9477;
9939,9151,8446,6830,1443;
6339,8686,6637,37,5694;
8407,4165,9931,304,5438;
9803,8519,8079,5196,5471;
5001,9070,3140,1687,2075;
9591,7498,9896,3784,3511;
5569,2964,3061,8796,109;
6230,553,5390,1932,8710;
1572,859,8844,1714,5757;
3701,879,5066,6414,9054;
9163,5992,474,7998,2309;
1559,2255,4929,5795,9365;
6074,8410,4878,368,538;
4647,8221,2110,1451,9152;
778,3862,5674,357,7589;
4305,6511,6171,8120,7724;
7430,3630,8740,9701,5556;
2850,1831,5201,1281,6460;
507,6761,3378,4501,7071;
7375,6034,888,8143,278;
7523,1154,4417,198,3292;
6949,9078,1471,7321,3443;
3227,3562,8860,9425,3668;
6427,1722,7458,322,5969;
783,7589,6039,2543,4027;
3592,5095,8160,7337,6973;
9775,4794,5574,4540,881;
6343,5293,7818,2420,903;
1069,7338,9054,2733,2913;
590,474,5455,3688,9372;
1022,5557,7289,498,9710;
5153,5517,7783,9034,6024;
4375,7427,4320,9342,9603;
72,556,1857,2303,2325;
3521,3757,9888,3930,9387;
402,5101,1436,592,5165;
8749,1643,2487,9094,8099;
8888,9552,5322,2789,8551;
2002,8235,9266,5385,8555;
1314,9254,5524,9122,7009;
4463,2058,8962,1758,8890;
9609,1794,1395,638,395;
2964,4225,2026,1794,9956;
1578,3332,7179,6000,3715;
3888,4229,8765,4835,2498;
7491,7149,1234,1484,1273;
5655,60,6873,1527,3436;
7522,5353,2738,5671,3778;
8630,3653,9243,4457,7261;
3431,5816,9972,6484,8293;
3097,3841,8564,1534,8978;
100,922,8310,7473,6090;
700,8993,9291,141,515;
1587,6498,1376,8003,6432;
389,9826,6333,4588,6121;
5366,4319,7283,6856,6622;
306,8604,1763,7781,6141;
791,5220,8422,4842,3838;
5391,8489,1491,4885,5607;
3975,6946,8193,5712,6428;
7585,6693,8946,1752,5875;
9891,1325,3410,5918,8691;
6801,311,1978,101,4082;
156,2257,2398,4156,6055;
4866,6988,4348,3668,1974;
9058,5035,5486,2,3344;
7346,2187,4091,8346,730;
1466,9403,217,3457,7249;
8138,3379,9660,5487,6530;
809,5522,7012,6586,9235;
1965,4814,1034,3575,1018;
2616,7520,9607,5292,444;
6155,2910,3320,9104,1913;
5371,4456,2957,1071,8566;
6659,4778,7178,8794,26;
9327,1605,4333,5760,6508;
6693,6010,3373,2988,4096;
1336,41,795,9240,3191;
6455,8993,2487,4400,6211;
8458,7285,6951,7881,7335;
4619,8604,8783,9542,4413;
9475,7677,1586,8829,5182;
3870,5774,3739,9947,634;
5532,1150,8249,7772,1772;
5767,5546,464,6602,7959;
7321,6570,1212,979,4455;
558,5053,8852,5422,8539;
4019,4208,7510,5552,5078;
7039,7845,6759,4427,7255;
175,6118,7601,7699,8357;
1522,1686,962,2313,5785;
6647,8887,5455,9151,9148;
3512,4448,3935,3536,3154;
4296,4933,7763,255,6084;
5753,6296,8537,2009,6184;
501,5214,6793,7315,6265;
4634,2790,4683,2660,1150;
4957,5419,720,3365,115;
8062,1714,2627,1715,3941;
107,1188,6870,4933,2613;
2002,9294,234,7178,8570;
5847,1576,6715,9419,3790;
1914,605,5941,5075,827;
3571,192,8204,7314,9769;
5140,9340,6656,7593,26;
3325,5687,7430,3704,9345;
3843,7710,9850,681,6627;
806,1031,7748,7825,4194;
1986,1847,3871,7217,5227;
1174,5223,68,4635,6431;
4113,7449,5819,4563,363;
8171,2969,4403,3981,8030;
8750,4167,8952,1124,5725;
7985,5983,868,2230,2204;
3734,5874,7000,251,4678;
4413,1772,5090,7302,7358;
6918,7588,3352,3854,5499;
8790,5658,6723,6166,9242;
2412,3673,2761,5413,6906;
7313,1042,6177,3775,2925;
7328,773,9240,3427,6632;
4492,7178,9454,3829,7910;
7775,3804,4490,7830,3557;
4115,735,2807,9021,6701;
4483,6488,1213,5280,4743;
2607,2592,1659,7117,8350;
5417,1644,4095,8041,1337;
7999,3287,7554,5788,8753;
1085,2672,6463,6117,2606;
9175,2040,5165,114,9408;
389,2693,543,4234,9554;
5749,1576,1745,3977,8641;
1614,4395,8583,3568,1648;
296,7097,8399,7194,8343;
9814,5921,2982,7910,581;
6995,6642,8207,4072,4010;
7878,9329,8999,6895,520;
8848,77,9080,9077,3376;
7998,5242,6657,6713,2776;
6783,4194,5214,4037,8491;
3675,2086,2515,6000,8997;
3110,8482,7909,1561,8041;
6314,6261,5050,7829,6669;
3732,8290,2694,206,4976;
6589,7907,4741,3735,8621;
5507,9553,9915,4438,3874;
8535,395,2766,9091,8466;
1233,4933,2258,8871,1653;
9781,2777,4989,4111,8246;
7166,5840,3035,1729,1158;
175,4533,1480,5726,9536;
1809,2064,8834,6952,1578;
1797,119,3664,3559,2010;
74,4894,3983,8259,9291;
665,6698,8247,6566,2747;
8588,2843,3647,513,679;
730,6631,2647,7781,3947;
3108,7513,304,820,5287;
4888,4634,1796,2556,4375;
3793,6991,556,2151,4520;
5014,9612,4332,2765,8458;
6261,5770,1544,3695,1969;
2287,2645,4722,2707,2221;
826,3194,3329,6529,937;
5978,2149,3249,4582,5508;
9984,326,7966,873,4768;
5584,1216,4361,1504,1459;
587,6052,6769,9833,7807;
3924,8473,8610,2530,1498;
9665,8170,5463,4949,1577;
887,8139,1403,3470,4990;
5504,6489,1766,1514,8121;
7964,9335,9335,9083,7707;
2135,7604,2357,5032,7174;
9691,6831,6687,269,4937;
2735,3681,984,522,4077;
286,5975,5266,7956,882;
7693,479,9016,4342,7717;
6981,5185,6874,8428,5719;
2612,2022,891,832,6345;
7712,2177,428,8599,921;
8228,9617,2632,4733,1770;
7037,1960,7647,8869,8012;
4713,3492,6642,9910,3537;
635,6119,5014,7809,1185;
8260,8628,7273,5822,458;
5211,8013,6774,9673,5539;
2838,1880,9085,1477,4707;
4565,4786,4116,8812,5052;
7957,2335,9268,5683,1629;
257,7651,1547,7343,5197;
7356,6053,5793,1872,569;
9540,4171,3524,976,8846;
8310,5030,8373,4623,5333;
5826,4967,1039,899,392;
9854,8824,2239,1565,4613;
1446,9123,5326,8350,4952;
6611,7451,732,1046,6746;
1731,1515,8063,2440,2457;
1951,2637,1668,739,6003;
3084,9320,5246,3048,3139;
9862,4075,3340,716,1774;
4080,3147,6153,3035,6825;
2263,8018,9460,1233,7215;
6987,9305,9625,479,4189;
7985,4608,9968,4198,2621;
8231,3320,3122,3526,4159;
1510,9207,4928,6208,4991;
4536,6338,846,1122,2717;
1372,7679,828,9307,4489;
3045,7306,9644,7042,3169;
4036,5549,5690,4206,7195;
7554,9790,1759,316,7507;
5515,5281,4530,6783,4201;
8708,462,8350,8948,2203;
2016,257,5542,585,3018;
8832,4932,7701,3831,7523;
7861,5920,3894,9671,7016;
9361,8290,1808,6187,7893;
6002,5501,8422,7705,2337;
3653,9896,2292,9276,784;
4820,4692,1455,4432,9001;
1991,2875,9900,4269,1726;
9103,52,8386,6614,5250;
449,9767,5664,9037,9308;
5104,1524,8641,8476,7513;
4499,8046,9537,6869,8583;
212,8016,5745,4770,3922;
6339,4766,2295,3026,8021;
569,6897,9786,5799,8060;
9088,9925,1247,8583,7558;
3914,3055,9096,3682,639;
5511,9956,9122,5132,5507;
4176,2296,3994,9469,9711;
9031,6171,7633,381,1609;
2529,7686,4200,7939,4432;
1010,1871,2411,5514,4067;
3372,679,651,9674,245;
8272,4871,7352,7347,8450;
8970,3717,2988,3289,8345;
7569,700,6339,5173,2429;
802,427,3387,1018,1058;
6521,816,5280,8911,1148;
2949,5364,2212,4631,4526;
6740,7525,6985,9406,8738;
9733,6043,5973,2800,4028;
3834,6624,9255,1804,5257;
5532,6696,2109,2823,6138;
5525,9501,2316,2938,2092;
1496,4819,3835,429,4341;
4292,2023,8544,740,9745;
9612,3787,348,2814,8254;
8161,611,4205,2208,4932;
5574,2723,2250,5619,2246;
2953,7855,4529,5524,4195;
7943,6070,8893,9048,3928;
5676,6061,6794,4150,3480;
2272,9819,1192,7427,8961;
2254,7724,1268,7107,9372;
4641,1545,5724,418,7466;
7395,1841,2406,7516,2749;
5488,8814,7613,6918,4228;
6817,8565,5541,2281,2240;
7838,5774,4419,3827,344;
3055,8364,3075,6081,5028;
7480,9215,3728,5304,2054;
9742,8148,9785,8750,3016;
1848,963,6068,6604,8021;
2854,7086,758,6271,5594;
7682,8197,8580,934,9783;
5616,8169,9689,4062,1931;
6802,5390,7600,5133,9701;
1436,6298,3117,6084,3990;
6562,8229,8350,618,4239;
757,1917,7264,365,6569;
520,5380,3206,3185,3630;
8049,1621,224,4230,2026;
5675,3322,4676,2405,1488;
7981,2736,1983,5811,2206;
4664,2026,4657,3980,7537;
221,3443,6174,2520,6065;
3032,7660,7503,8249,2139;
9535,4254,2182,4768,7302;
225,6398,7315,5457,9;
5021,8272,2980,524,1592;
5743,8957,5984,3814,4729;
1513,5094,5900,6868,9022;
7236,6334,4751,3272,9671;
6268,394,6860,2202,8526;
9360,6871,896,3870,6648;
2746,1838,866,6109,5919;
2862,7626,8183,7444,2588;
8807,7887,3867,9129,5779;
9008,5394,1149,727,6650;
36,1324,2434,9515,7546;
471,8199,1184,2300,1237;
3544,5355,7840,8645,3529;
8156,5868,8970,5298,1444;
3368,9089,1148,9649,872;
8739,1413,3608,6547,798;
3367,6851,1435,4294,571;
1653,9060,5016,6883,8622;
135,5919,1918,9200,4362;
750,9291,6635,357,8037;
8148,4749,5486,599,7806;
8693,7195,7588,6044,225;
9483,5200,320,6599,3519;
7889,7773,7721,324,6621;
1419,6623,6666,6301,6146;
5219,8308,4075,774,2213;
6048,5644,7099,6757,696;
6750,8148,5829,226,6641;
6276,1524,2403,1504,2487;
6895,5144,2641,6764,6031;
9091,8445,6328,96,9094;
9514,2009,5765,814,7047;
7237,8148,5340,6951,2104;
3687,3745,2090,8251,3570;
3711,9197,9022,4096,6345;
222,4312,7006,4489,7774;
6447,3802,9761,9830,3654;
6069,4047,7444,3809,7850;
4104,5876,3235,6050,7716;
1870,329,4185,8677,4071;
6730,5928,5783,723,4705;
1755,6651,2455,8053,5316;
7139,2933,1124,8187,2995;
8513,2700,512,4592,6036;
442,9163,9787,7895,273;
1211,4260,9821,4111,6440;
7405,2133,1178,992,3494;
9644,1840,9754,3629,4624;
1773,1780,4043,3376,6347;
3784,1848,6001,4553,9191;
8455,7829,2853,3135,6021;
3073,3081,2854,4790,1944;
5905,9993,3319,7421,2994;
2228,6228,614,107,1428;
8122,2900,4518,740,8992;
9280,3755,7184,2376,3165;
8102,4982,4709,6174,3574;
4833,2441,8213,4941,1261;
6161,1039,7029,6697,477;
7914,8313,6142,696,2541;
9115,7669,7077,2855,2844;
5141,7374,4126,6666,7285;
8088,640,8260,4519,1755;
4213,201,4069,7481,3995;
8892,402,1314,2866,742;
5813,5557,940,1465,5927;
968,2610,2631,6890,1845;
320,9303,7621,4801,116;
5403,4888,3398,3229,8137;
9852,650,2786,5637,3084;
2386,8763,9931,9909,1811;
2507,572,9927,5161,7668;
174,7227,9610,9449,2533;
2876,2230,8857,9871,2974;
1854,686,1144,3333,3516;
6168,9031,1749,4450,4623;
7180,8969,9578,1933,6681;
3837,5431,8772,7193,938;
4623,7473,7007,936,3728;
9597,281,2102,7653,9782;
2231,6841,8106,717,2406;
302,6033,9549,1243,726;
6947,639,2429,7544,2421;
8931,7082,1095,3278,6277;
9489,6746,6245,3911,5832;
4415,9413,9410,340,6358;
741,7750,7086,2592,1;
9725,9235,5698,6752,8854;
1303,5333,8474,270,3361;
7113,8425,6385,9970,5695;
9133,2453,2518,1739,3132;
8767,6583,3142,2117,7423;
1889,5218,9522,2131,4098;
8893,4412,2028,107,6523;
1150,8954,6523,9455,1254;
1561,6369,1227,4852,9006;
5549,6014,5090,5009,6967;
4843,2437,1138,7702,5617;
3654,7680,7979,4238,7254;
1634,7799,9213,9976,8788;
3877,4977,360,3518,1562;
854,3540,2679,1140,576;
8855,1229,5451,1958,345;
7232,4050,4046,2828,6468;
7729,7807,3286,8231,2334;
8493,8094,5088,6870,8776;
4964,925,4387,1289,7502;
3588,936,1703,466,8545;
1616,8333,2769,8918,2747;
5448,5643,4944,1144,4810;
3960,9030,6488,2624,4001;
858,8863,5514,8874,1704;
221,2131,4279,6689,1697;
6692,5142,3811,5029,2429;
4422,4050,4702,1391,1131;
4801,2321,6930,4539,712;
8547,1091,3588,6746,3776;
9134,5135,7941,9932,4978;
7794,8140,2689,1687,2;
7632,9211,5430,8806,6615;
1383,3177,6378,5624,2260;
7387,2856,6810,2572,9378;
867,6420,4920,9631,7701;
8700,3904,1790,2570,2251;
8449,713,7630,2507,7492;
6536,4944,9979,9577,9302;
9030,7087,2359,5563,6240;
1350,5249,2184,8542,4877;
2686,4277,5675,2853,8484;
4391,4400,5425,4782,6563;
5436,3318,657,2554,2027;
8855,1911,4073,733,2453;
2741,7627,6440,5271,2283;
8688,6344,1598,9404,8559;
3610,1376,9693,8318,8092;
885,3944,747,1742,8169;
4410,6272,8956,4024,3078;
983,1332,3159,9718,6569;
455,1088,7675,3921,8040;
5225,952,3921,5439,5002;
5406,9704,9527,8168,4430;
4367,2971,8480,2165,7026;
194,9700,8692,2011,6505;
8302,8064,2297,9773,3316;
7941,7935,8725,7699,2488;
8748,2332,2402,6390,1420;
5668,8707,3966,9261,1954;
5736,1749,7439,4698,7385;
9208,8860,9362,6959,5471;
3791,1327,6297,120,7501;
1730,9962,6612,7454,3985;
5398,3250,8087,5518,5833;
2656,3635,1360,1292,8132;
8715,9284,9740,6132,5271;
1510,1453,1318,1156,8377;
864,2655,6353,1743,378;
350,2825,7971,7296,9970;
4750,1775,3714,2357,3266;
2959,5957,9641,9808,1167;
94,7543,131,9273,249;
8744,1233,526,3873,9038;
8253,1049,4119,5963,4684;
614,6114,6146,4570,8635;
764,7243,8662,7967,5502;
9429,3816,9798,8216,1810;
6027,4863,1098,7672,1819;
1678,7877,4405,253,1720;
9162,4297,6773,1509,2824;
7906,7173,6357,4726,6731;
1015,7389,9921,2531,7778;
9494,6415,5209,9892,7041;
4977,322,3078,7127,6615;
1313,4542,9162,861,4447;
1008,5684,4756,8700,7774;
6087,9334,5189,5321,2299;
874,188,6577,6251,3586;
4664,5373,683,5973,4782;
6791,6536,5439,8280,3459;
6379,7856,642,5978,6191;
4511,2542,8530,3531,1236;
6246,4492,2352,1067,9052;
2347,8236,5021,1746,4590;
2701,6295,174,1943,748;
1292,2949,1542,1830,5240;
9015,9299,2023,9213,1809;
7864,2722,4717,8254,6564;
4374,7041,753,8129,8714;
1599,8996,9139,9549,6003;
4969,179,2389,2543,3594;
2013,1930,2280,2400,6140;
3028,6729,4594,5687,7166;
8485,6713,923,3363,8131;
7908,9832,1846,1067,162;
388,8275,2829,4367,3903;
8632,5044,6532,9519,8054;
8037,6303,6094,8911,3771;
492,2616,2967,5918,198;
3205,903,4002,5559,6819;
7983,659,6497,8279,2772;
5743,9142,1227,5590,7821;
7698,1209,2202,5773,8744;
6214,7615,1831,1078,7016;
5731,6054,4850,6186,4149;
6173,6509,1870,3489,3462;
4352,1414,7029,1884,9324;
6560,7872,7254,7771,5170;
8330,1438,4157,5764,2713;
5233,1877,2421,9762,9028;
3789,5189,3280,6895,6798;
4003,7909,679,8754,9850;
8718,3806,1786,2555,6020;
4739,2581,6412,3485,7107;
4351,1739,1270,2770,6644;
9421,8884,6355,4457,5163;
5307,5007,4479,4396,3079;
4368,6816,7542,2635,4251;
6641,9676,8240,6938,1483;
9194,5418,2076,1519,2258;
4412,9138,8005,5711,2919;
1378,133,9357,3126,9425;
7504,1836,5217,3024,2386;
8533,8074,2011,9356,5805;
3332,5495,7582,3228,7122;
7123,9685,563,7850,3471;
7757,8315,6395,4755,601;
7848,420,1780,2865,8334;
3243,6336,827,2958,5790;
8684,5244,6852,5774,2630;
9421,8072,8387,2752,7499;
3200,5224,8775,7151,933;
1983,5008,959,4721,6631;
8810,8452,3696,3320,5572;
1213,7046,7438,916,6463;
2129,4492,3111,4341,5619;
2468,1054,895,1568,5633;
3017,5270,8831,5355,9875;
5809,2731,1952,3168,8937;
419,6233,3311,1608,9145;
5615,5447,2509,8539,4903;
4008,7809,7101,9592,7638;
3918,7968,4742,544,9543;
8860,9929,8422,5577,9282;
4613,9657,443,2293,1847;
2637,9223,7961,9756,2541;
516,2192,5534,2218,8708;
6821,5823,6380,8607,4603;
3253,4153,9881,7302,3958;
3428,6758,3355,192,6799;
9911,6789,3589,3914,474;
6739,4639,8791,1482,8978;
4898,6175,9877,6208,6477;
6079,771,909,3756,3196;
2910,1887,2742,9246,4718;
6802,3587,2063,9756,6826;
5258,9486,6548,219,1908;
5119,938,1620,3198,8517;
5306,4123,3559,5137,7619;
5893,6363,3959,310,209;
9994,6238,8372,8441,5492;
5394,9328,8882,8612,7587;
240,5728,501,5082,3251;
3822,2455,2281,8485,362;
5106,7865,7746,8643,8627;
4465,9149,6246,9018,4160;
3738,5630,736,2011,2198;
4501,7787,4243,3025,2744;
4349,3476,5866,8045,5437;
9962,4882,9967,1577,6109;
8342,5252,8882,2888,3398;
3022,6014,4757,5511,7314;
7157,5547,6954,2984,8090;
7487,7053,7070,1788,7396;
3651,3356,8783,8869,318;
2363,2519,8497,7334,1769;
5474,9406,8583,7580,758;
9402,5299,7187,2686,7321;
8046,7749,6938,7850,5583;
5984,3389,1363,6591,557;
2496,9204,3811,5162,857;
8019,7543,40,9894,4680;
5373,7397,2601,7983,8689;
999,8228,266,1137,9141;
2281,8098,6783,4390,305;
322,9099,5313,2385,9104;
1985,9196,9388,2802,7855;
9988,3140,6007,2399,1337;
6070,1101,19,209,5014;
7020,7243,3630,2846,5196;
1448,1281,7720,5456,4025;
9128,9696,6477,9378,5890;
256,5083,2328,118,6990;
8938,2136,5285,4571,5053;
497,7388,269,932,3541;
3934,2898,7629,8920,5447;
7315,7290,8566,1573,7891;
4553,5977,5811,3404,9455;
8742,1634,9197,2251,296;
2988,5524,4601,587,7389;
7638,3455,7501,6078,130;
3719,5241,1238,6092,158;
8588,1403,5238,3196,2103;
4040,4351,4264,6148,6986;
2064,1090,8204,2818,1312;
4955,3129,9773,7805,3493;
2845,6026,8891,9901,755;
6858,4015,4764,4315,2371;
197,9518,9488,7974,2710;
3484,1505,7106,2,703;
7982,1457,3803,5882,5509;
9309,6779,3110,1180,2802;
7815,8159,3262,2558,4348;
2980,5815,6362,5227,1775;
933,9999,7380,9333,2234;
829,2556,1338,7916,2795;
8266,938,9946,8846,3482;
5116,9231,9677,7896,6018;
1680,1777,7455,9699,2616;
2500,5834,3739,3984,1199;
8986,5221,2429,2556,386;
8591,308,4211,5473,1050;
3332,5037,8936,7988,6526;
584,2070,1681,548,3205;
3600,8570,8895,8576,6434;
5059,3234,500,4328,9635;
804,8384,9795,9256,217;
1063,7155,8350,9921,7251;
3687,9223,3161,5468,8180;
9605,2781,7635,2565,1070;
6749,580,402,364,1727;
468,967,2187,4626,721;
2803,716,8240,9089,9783;
1145,4344,7546,3497,6757;
9201,2831,9292,4038,592;
9374,7503,6350,4775,301;
5671,2121,4591,1820,9300;
5485,590,5263,9034,9133;
1289,2182,319,4741,7910;
2223,1913,2124,8116,472;
936,3425,3520,3117,6949;
4004,2056,6722,5550,702;
4315,4271,3938,3022,8653;
5126,2683,8422,4244,258;
8305,8680,8362,1581,8627;
9863,4991,7023,9674,7917;
8293,7348,7714,164,2204;
7969,2483,393,1031,7889;
5447,855,8465,165,9727;
929,6012,7960,7329,5046;
5864,873,3124,9126,5683;
1440,6572,3919,9186,7134;
2004,528,214,4629,5811;
3423,1241,4748,9977,9230;
816,189,6229,3279,8206;
8439,6099,9905,8810,5071;
9569,9920,2399,3462,6935;
2195,1804,3340,5976,601;
326,3069,8932,6682,7363;
8915,589,8640,582,5366;
7543,5932,4792,701,4071;
9036,2442,8159,9271,1879;
1869,142,1078,5318,3664;
6438,4205,6311,494,5678;
1226,2332,8517,2879,3774;
7461,4170,2180,3432,3414;
560,3999,2322,6312,5199;
6083,2817,7449,3942,8233;
364,5770,2670,8724,3814;
1825,8516,7085,951,3929;
7936,1566,7897,514,6993;
8257,1672,2350,4970,9265;
1166,8905,1519,1211,1516;
9070,2783,8575,2329,5242;
4722,6867,8650,9477,2738;
9300,1111,3299,2305,7099;
2000,5855,8065,4641,9197;
9155,7660,3100,2360,7001;
7010,4606,2976,5921,6268;
6319,8491,5720,4308,7545;
5424,6085,452,1826,4920;
9845,9369,6959,3384,1077;
845,2092,3386,5325,8048;
1865,8217,3657,9723,2315;
862,4413,1598,2565,1171;
2327,159,3387,6613,8309;
430,5333,2834,1261,3566;
1839,6184,3523,7465,5767;
107,9767,897,9490,5681;
2652,7831,3257,940,7196;
3082,6169,6607,5617,805;
1373,1596,9627,7380,9915;
3164,3076,3357,4639,2365;
7988,7799,8690,2148,6142;
1669,6756,6022,2455,8199;
2253,1711,3077,364,8349;
5509,5807,8845,3228,2392;
7282,8043,9274,1918,452;
3620,8748,463,5443,9672;
6644,9776,5756,6945,1902;
9899,7713,8631,9789,9227;
1023,1391,2170,6330,1038;
6756,3597,1016,966,4731;
7493,2943,2244,5579,3295;
5307,6033,6862,8045,4873;
3144,6762,9619,8431,6246;
6186,8028,26,7644,6288;
4184,6240,6148,8047,6120;
7673,2097,4321,7939,3002;
5996,8639,5924,7441,7441;
6821,6005,266,5932,6247;
3942,5998,569,5526,2388;
3184,6619,8017,3870,8096;
943,2212,3224,3496,8140;
1499,563,3391,1699,2394;
6772,16,4941,2583,8112;
2563,8402,7163,3756,627;
3677,9300,9243,7414,5151;
4713,620,1060,9878,8768;
2033,2415,8409,5875,8812;
7028,3222,8768,7360,3048;
6009,549,9589,6394,5530;
5529,3522,9113,6372,5433;
2667,9270,865,2271,5831;
2532,3664,1523,1341,1908;
8119,5265,849,9076,6412;
5403,784,821,9586,8353;
6617,6677,7421,8375,4935;
2559,4021,9906,9117,5191;
331,5938,6295,4257,5949;
2310,4773,6301,1242,1480;
2998,5019,9581,3741,3485;
4925,4394,1500,3665,8580;
1230,5884,4509,3038,794;
4104,2241,9386,273,9770;
2177,2890,8092,6181,4649;
9523,431,3153,2449,4315;
7815,4605,4585,1442,3087;
3024,5551,2108,1795,3658;
1795,556,9373,951,4419;
1079,2874,4297,8510,2834;
3167,7380,4782,6756,3809;
5969,5816,8154,4766,8788;
4008,1972,4559,7112,2640;
5461,2631,655,7641,5356;
3181,6294,3643,2466,9703;
3945,287,9033,1573,8007;
199,5078,3514,712,8426;
1654,5646,7210,6415,922;
4278,3790,8499,7433,4499;
4555,4322,7906,415,7831;
3285,7648,3607,9257,2637;
2707,7487,5933,7129,788;
4387,8409,5016,8643,4635;
8387,9510,6154,3179,3787;
1734,128,4743,8471,9697;
6432,9946,7951,6142,8651;
760,3046,6447,7621,4343;
4845,8426,8326,4976,7185;
9937,2382,4269,559,3692;
4807,3950,8515,7902,3305;
6087,7605,2391,7085,6129;
3233,4601,343,5591,8924;
5161,6187,306,4801,3181;
2798,8798,7751,2406,4537;
8902,9254,18,9409,6040;
4026,5240,7918,5528,5295;
7843,6002,6695,7892,6946;
298,2692,7496,3296,1549;
4662,4534,9391,5378,6140;
4067,3405,4500,5153,8526;
234,5116,932,3603,9217;
3053,1529,1009,5639,9527;
4037,9719,2883,1399,8863;
3075,1639,6855,2634,525;
6666,5138,3012,6961,3356;
646,9817,8609,4436,1770;
5964,9660,3781,5894,7338;
9684,9825,6614,517,9792;
8779,9304,2260,6026,6098;
1960,2646,8850,6212,3358;
9742,719,849,9312,7766;
4306,8453,2939,7276,7217;
5526,1586,2561,3092,6466;
1835,4792,842,3069,9149;
274,9490,2428,6081,9894;
7579,5053,4985,2480,7366;
7568,6849,1075,9807,8381;
1910,9004,7984,8945,9064;
2372,8451,9416,6604,475;
5244,6930,5783,4224,3591;
9447,8643,5431,9857,1132;
1273,9872,5830,2292,6842;
6388,6735,5772,7769,2716;
6531,2550,4063,4968,2143;
1763,3531,8629,8158,4382;
9161,2183,3139,9855,9648;
2476,920,2274,7826,5807;
930,4704,1166,8125,4801;
4270,1306,2863,8586,2158;
432,8371,3316,4107,4075;
4114,8248,8444,7454,1252;
2743,4752,8330,2451,8213;
3636,8535,1551,1920,349;
7331,1904,3649,7117,7671;
1548,2854,9608,3303,7786;
5203,9483,5279,7546,3080;
424,5878,4669,8784,8614;
1560,2432,3645,7719,4607;
8289,314,4457,9613,121;
2008,986,7988,847,2714;
5556,598,9360,6730,2143;
4872,170,9348,4128,1874;
4133,784,8625,8331,2005;
4696,2281,5135,1834,8188;
7196,1441,4229,4471,7588;
5064,5010,8107,3207,2719;
2120,2902,2089,5170,319;
6279,9938,4753,9437,4838;
8306,6311,9205,1596,3479;
7864,6907,8271,7542,2594;
3762,5173,6445,5407,6463;
8765,4665,5715,6699,7001;
7642,9260,4031,2663,8549;
3495,4695,9270,7798,9505;
6923,4577,7326,380,7349;
2852,1691,6962,6753,2655;
3823,6371,5369,1052,9332;
9329,5782,9243,8819,447;
7477,2598,5944,6680,3269;
7119,4609,9665,8456,5612;
9271,7070,9269,7311,4858;
4583,3972,4187,8032,3910;
3560,9729,6183,7008,5828;
1179,4101,1369,3889,2335;
303,3949,5919,7219,339;
8739,7175,7725,3766,4780;
1125,8887,1904,8920,619;
7172,9100,5028,679,3977;
6118,3854,7937,6358,9200;
9637,47,1765,87,7551;
3390,9441,2684,9843,9955;
4749,6926,8149,4820,2487;
4062,8037,9738,155,2681;
1100,1391,8466,3566,330;
6594,3822,8438,7316,6823;
260,368,8660,8319,5329;
2595,8589,8935,4933,3373;
3778,8690,8754,9142,9759;
7274,5752,2752,8143,5375;
5301,8762,5557,6001,3266;
4249,5498,3943,3,7331;
3417,7968,2561,9124,5367;
3818,2749,595,455,812;
7171,2468,200,2319,413;
3302,5928,7702,6601,7486;
2060,3310,4385,6631,3024;
444,7289,712,9768,1085;
3440,8093,4082,8938,9609;
9770,7176,2223,5019,9594;
3743,1068,2545,4568,4055;
8724,816,3482,3875,87;
8294,7876,325,1242,7093;
6749,972,1201,1095,2351;
7680,4656,7491,4035,329;
2024,9697,4008,7482,6981;
732,4494,4383,2139,3561;
7730,2602,3848,7512,4262;
9585,7990,229,1790,1629;
4707,9150,2493,8749,6761;
5810,9957,339,8574,7518;
793,7750,2288,5036,2869;
7949,4827,3952,3650,3780;
4674,1880,3331,2272,7962;
896,952,4146,6389,7910;
7260,7954,6725,6423,4121;
6887,1442,4068,9304,2700;
1396,1401,7890,8563,506;
4328,92,4379,9325,5974;
4838,1330,6905,132,3752;
2449,6410,6575,1415,5192;
9269,9625,1678,9968,7106;
7434,356,2968,9311,5239;
4745,1680,2518,7269,455;
8326,252,1877,5265,9910;
6576,1337,6665,5035,4833;
7418,3435,1102,3167,7781;
9601,2987,3133,6015,5663;
4113,448,7041,7813,7019;
2875,2706,195,3531,2562;
2968,7647,5168,5064,8856;
8541,5108,4659,807,9175;
2469,6404,9151,9088,9844;
3859,9206,6496,8415,1289;
3214,5932,8557,3785,1861;
9560,9425,983,9738,6835;
400,6470,2419,9939,7854;
607,97,5945,9105,8857;
9076,6693,2138,5513,6214;
2913,4113,1714,321,9739;
128,547,1464,9793,5103;
6387,2448,2028,3241,8602;
1428,9552,1475,3012,865;
828,9706,8358,5437,2662;
1212,4956,8760,5384,851;
287,807,1960,7977,2497;
8142,9915,8675,5308,8767;
5708,698,443,7058,7743;
7593,8164,8816,7995,2662;
8344,7163,5428,6895,7286;
2194,2817,7951,3943,4848;
8546,9160,6187,449,5107;
9902,1376,1223,3255,1598;
5177,687,8962,3162,6706;
6663,3362,1688,3162,7188;
4834,9636,5253,4607,6625;
1597,6481,4875,7096,1742;
5193,9942,1147,1867,1042;
8551,8087,389,7527,7953;
1736,3235,405,3224,4005;
9141,2542,9861,1493,6937;
9450,4568,3952,4771,1158;
5904,4473,498,8236,5586;
373,6625,2748,295,8171;
3447,4030,7940,7096,125;
1309,8664,3749,9316,7471;
246,9217,1034,6257,6912;
5498,1231,5158,8318,3408;
1339,1669,2216,6411,9635;
2618,4744,1115,2127,1929;
7479,929,3337,1446,4165;
3136,5748,8139,4783,3800;
2924,7605,4043,95,8148;
9390,7403,3703,5959,3710;
6294,8543,464,7570,4660;
470,4601,1043,6203,5556;
9853,7166,9663,8382,9445;
9976,1742,5013,5624,9211;
2691,9527,721,5058,8069;
8205,3286,7723,7068,477;
3933,8524,6325,6749,8706;
3852,7263,8244,8571,3485;
3686,175,2745,2334,4335;
1666,7964,9143,4769,8398;
3863,1322,8334,7491,7232;
1543,916,484,1212,172;
8076,7178,6204,9520,5254;
4012,3421,9963,8543,2923;
5628,6552,8865,125,3713;
3124,2078,5692,1333,1378;
931,1999,1879,1579,2024;
9178,5092,7052,2388,3122;
7213,3796,1989,7475,8811;
5391,4919,3000,435,1449;
7802,7119,6895,2728,7031;
7934,5524,97,9300,6277;
1848,5237,1191,515,1263;
2164,7307,9769,6694,9110;
8747,8058,4422,9476,1297;
8735,6979,9141,9339,838;
6400,631,3043,9956,4426;
9189,4109,3809,1629,3673;
7041,1199,574,7190,9078;
5740,6529,882,2585,5112;
8274,3769,4865,337,4075;
7490,8133,6449,2492,7362;
7426,1140,9868,5685,6084;
8001,15,1747,9192,4078;
1663,7870,2515,7190,3343;
6164,3625,2747,863,5639;
7272,1718,1532,1183,123;
8496,2445,2830,2847,5473;
7876,5346,7203,2697,6721;
2320,3188,9983,8171,9741;
8005,123,9946,8988,6764;
1977,3837,2846,3844,5615;
5409,5279,5077,8028,2450;
6762,7980,8010,5817,5330;
378,24,295,307,9835;
1650,2573,3732,9190,932;
3317,2340,6512,1882,4759;
3801,9535,1079,6578,7607;
4073,8537,9700,5408,2419;
9607,7017,7669,6239,5960;
3995,5048,4815,818,5624;
283,5864,5844,3309,561;
7374,1929,404,4392,1260;
9838,1182,2503,969,4446;
6037,5553,1858,7200,8211;
1974,9507,2453,1453,5246;
1481,3379,4602,4261,8555;
534,9774,7793,6043,1362;
7665,4454,7371,3820,1677;
6342,6762,122,6736,815;
9854,7034,8414,4888,9904;
4459,9719,1114,5865,6772;
2705,246,2920,5444,5565;
1873,1370,1812,1264,5958;
3621,1725,2766,3592,1878;
1301,7556,3188,7630,4490;
993,9276,1059,30,3057;
9627,5015,976,5930,8323;
3477,2604,2613,7889,8445;
2948,8953,6613,6008,1783;
2897,1096,3236,10,6978;
758,8377,6041,3256,7718;
3867,5262,9924,2080,971;
4290,6315,4488,1713,9906;
2299,4299,2259,5251,4134;
7028,6501,2108,7508,8159;
2325,3493,521,1073,3536;
5656,1098,9070,8943,867;
6139,7054,3760,4050,2483;
516,4938,1776,5447,2518;
2375,9153,632,8066,2690;
1801,2459,1025,4310,3004;
8013,4960,616,8421,3763;
1815,5566,5360,4470,3564;
6970,3609,2839,181,1717;
4664,6851,7704,3973,5259;
225,6824,4253,1366,8565;
1526,3328,537,7388,8404;
2026,1686,8823,6387,1615;
5824,8466,1641,6024,28;
7950,2844,7638,2309,853;
1587,1936,7297,5913,7920;
9460,3162,7907,9920,7166;
674,5894,2290,1010,3406;
6973,6139,7236,9731,3936;
3116,8176,1178,3023,4652;
6674,338,9014,7238,7858;
53,7425,7187,1946,6211;
8034,9986,1807,5266,5638;
4199,9405,576,214,6134;
1945,8589,1827,2842,9408;
6390,5917,9240,5199,5294;
5021,2363,5045,3415,3615;
293,6960,9887,5644,9162;
7443,1641,330,1014,5287;
9337,8216,7009,530,7550;
1925,6923,3464,463,4649;
6661,9991,908,656,4947;
5847,335,3173,5449,8703;
7133,1578,9086,8639,8678;
6733,6924,4833,4565,1294;
1059,6311,3306,7066,3553;
7253,3296,7903,8735,6684;
3711,5040,3590,4625,4253;
2448,4376,3543,3520,8598;
9808,2384,5982,5368,9251;
9702,9614,1947,5415,183;
799,5730,7795,9251,5659;
4999,7909,4895,5913,6603;
2967,8311,3341,5834,9496;
9371,2000,6756,4810,2479;
7000,108,8951,7586,6902;
2580,6280,3023,4300,1096;
933,7848,3163,950,323;
7902,9122,4463,1238,1631;
6132,3342,2429,3033,4578;
3705,5575,5358,8901,4444;
5457,6708,7361,860,802;
5390,2289,3638,2176,9906;
291,8065,91,5617,3223;
3412,1010,8196,2932,8704;
4876,9521,9996,3645,3160;
6854,2823,4892,1163,6850;
7775,4328,4277,2768,9176;
1997,6906,5351,9320,3497;
7429,4030,2445,9823,8025;
1938,3334,8783,2168,8496;
9804,7316,657,1187,4148;
2764,1369,3238,2097,9682;
9163,4667,1041,3027,349;
400,3076,9511,9161,5156;
9510,3210,8265,7018,1406;
3195,9468,1958,1659,999;
8059,7881,7696,1268,1694;
1675,8865,5900,1991,6758;
7573,4644,5601,1039,9250;
4715,9517,8656,8866,2841;
1230,4689,6031,9679,8148;
4191,4259,2442,9229,561;
8256,1763,1490,6721,1910;
980,9647,5563,7327,4957;
5248,3711,8488,7672,6417;
9267,379,759,4483,8921;
448,8004,7814,9642,5216;
415,8293,6544,5587,516;
6928,5901,8341,6590,6066;
3845,4467,6035,9140,5627;
51,2351,4344,182,1100;
3559,5522,2359,7911,4878;
4323,9580,4502,1085,6195;
3608,2434,5066,3815,6619;
8171,2376,3153,3654,1976;
8449,7330,4236,7175,849;
8464,7779,238,6258,1754;
7684,9173,4875,4521,7737;
5677,9838,3415,5166,6313;
1362,3179,1701,5884,5621;
2577,6537,4016,4890,5534;
5903,7132,2163,2677,8901;
469,2532,7474,1852,6985;
1134,7183,5959,9780,7309;
999,2797,5681,3529,4495;
4665,8331,6627,4663,3494;
7320,572,3777,7489,1697;
685,6007,2850,6429,5614;
7906,7847,7730,7573,8238;
4846,6710,8520,4342,9768;
2947,2185,2877,2167,7515;
4699,8058,9064,8610,1120;
5042,7330,8997,1015,5337;
6109,8709,2843,5929,7016;
6981,4504,4823,2088,5212;
1698,9432,7484,5718,4878;
9080,6389,4278,9625,5729;
8532,5431,6,229,2582;
2613,9843,2330,5470,9898;
815,1747,765,4774,6901;
4197,4077,2977,3377,1121;
5715,5513,1828,3968,3524;
5322,4505,581,1479,6093;
7775,1540,1716,6468,3946;
8224,7512,7751,2977,5008;
3630,3374,4223,742,2050;
8674,9444,6332,1623,5645;
2618,3857,4311,1392,5853;
7082,6032,6400,8826,7540;
1100,3704,9501,7684,8354;
4194,7565,5742,6237,1354;
389,5102,2978,1732,9437;
5004,2118,2621,205,1409;
8452,8971,8617,3016,2702;
5044,1789,7944,1008,4212;
3378,3319,3335,9210,3195;
239,928,1280,2659,2889;
6822,1100,5420,6551,4466;
3296,2254,6242,4836,7603;
7730,579,275,5995,8976;
1377,2161,2603,3996,8978;
5782,4955,551,8026,669;
513,8230,1704,6617,3400;
937,2487,5256,1395,2810;
2608,9097,2060,7031,8676;
8429,2733,7385,361,6301;
6461,1382,6422,3881,2432;
8924,6149,6828,8461,4289;
8121,7357,5094,252,9748;
6879,2833,294,2426,7531;
6611,5183,262,5976,8031;
3690,1538,2767,5442,436;
2521,9956,1370,6960,7334;
8804,7727,2199,5880,3873;
8835,1703,8373,1228,5472;
8549,5570,7123,863,9124;
1124,6466,1628,423,904;
3596,8690,8120,1362,5126;
8972,8697,3280,684,6634;
7392,6899,3279,2236,1459;
9574,7807,4681,2725,559;
3842,4922,6785,546,865;
5008,9513,6356,1377,5588;
9825,8954,9417,3857,5177;
2908,7151,5691,5474,7239;
2025,8717,2040,4619,5688;
7601,8050,6267,1608,5690;
7424,6549,6603,6280,2554;
7097,2507,6567,8844,9281;
6580,6919,2000,9700,9663;
419,3934,1441,7145,706;
8818,6311,4739,6259,3379;
1063,9294,8326,6480,3714;
5873,5521,2734,6089,1270;
9236,1576,3435,2833,465;
1167,6613,9164,3303,5622;
110,5339,9367,2180,1162;
6254,3357,748,9219,8521;
8785,1826,8392,572,1939;
7510,1651,1567,5699,921;
3522,6763,878,1341,7392;
6218,3491,8173,3977,1817;
6285,2451,3487,4034,2646;
1049,8558,7268,2747,2093;
3410,965,1074,57,9284;
3089,9915,5290,6746,9007;
1289,3825,8767,6181,7017;
7643,5706,1893,5575,2656;
3120,8435,2011,2518,2953;
8809,4156,7116,1698,821;
1276,7543,8698,8163,7067;
518,1559,3588,2502,6434;
405,6355,6143,550,9328;
8364,3111,1257,6974,8943;
39,8303,8407,174,4217;
3120,7514,761,6733,4469;
7982,788,5841,2187,9654;
2575,1911,2141,3902,695;
2481,6455,5810,2193,4971;
9292,1463,7236,1447,1338;
7667,5699,1304,5666,8353;
9252,3798,637,1496,7026;
525,8494,5293,1900,6956;
9392,1354,2303,1096,312;
9641,6291,2798,8191,869;
5326,4880,3365,4304,4890;
1156,3595,972,6182,4388;
7344,6516,2750,691,5363;
968,8619,8988,9955,340;
2232,36,8845,3794,2297;
4880,9085,6804,3259,1886;
7726,7538,7486,1295,1447;
8039,4719,6684,8324,3225;
2028,8796,9271,3767,8547;
768,8282,5549,1365,8009;
9176,7809,8570,2332,7089;
6853,1801,7750,6780,391;
4361,4575,6498,8459,6962;
2998,2308,300,9333,4479;
6974,3819,9140,9487,8550;
9920,3775,2685,3308,2475;
2634,5923,6259,9296,3857;
7702,8786,1501,6915,6273;
9220,8992,6740,9428,856;
8313,6253,1419,8636,4914;
3390,5292,8019,6924,3975;
8901,6109,6968,253,2073;
4842,286,2931,6353,4489;
6358,904,8649,2418,89;
5635,9859,2281,1528,9243;
9025,1050,939,7596,4788;
7531,6400,2448,7918,7063;
6405,8782,6661,9619,3322;
9733,4863,8425,3234,9747;
3377,7880,2317,8174,3693;
1569,6059,2826,9991,8192;
1412,2308,9395,9868,5198;
749,6350,3976,8346,1718;
3031,4536,9046,4740,6693;
1266,4074,9209,1476,9068;
6092,6486,5117,5607,7917;
1754,2423,499,1082,3408;
5743,5962,4420,8193,9777;
6911,5735,1422,6844,5445;
615,7639,5249,6340,4321;
4449,1792,7704,1687,7499;
7085,6907,4152,4588,3561;
3348,4956,7044,16,2097;
9478,9047,3982,7781,2971;
6663,5890,2182,9269,1891;
7405,4852,572,1138,1228;
2099,235,8809,3877,9449;
7549,669,4551,3044,4072;
9650,5363,4104,4594,8978;
6614,1469,7202,9725,267;
8225,3536,4274,5511,3325;
8265,9419,2757,3680,5959;
341,5991,5398,3873,4244;
6354,3417,262,6954,9452;
8972,7068,3170,8706,6158;
9204,734,2208,2396,7601;
5237,4794,109,9592,474;
7489,9175,2689,4829,8354;
6937,3495,3447,2329,9257;
6425,3431,15,6524,2457;
9908,8123,4145,3134,6357;
6307,728,6537,8808,3594;
6510,2297,544,9893,3590;
9800,5758,949,8538,6124;
257,6622,922,5860,4192;
1365,7328,4322,4144,4224;
220,2361,5465,6243,6755;
2707,8804,1543,2326,2571;
1980,946,6996,8818,9810;
8483,8362,8258,1962,353;
1280,8442,4949,2285,462;
3260,9131,698,3778,4974;
4139,8571,428,987,5320;
3622,6083,125,4775,8750;
9751,1159,2415,6984,860;
1467,9655,4704,6075,2294;
626,8538,9020,7423,9834;
7771,4048,1881,4264,6843;
7107,3675,2402,7125,9224;
7091,6763,5829,7499,1664;
8042,2721,2076,4569,601;
8416,9325,5888,2167,2122;
293,7695,9021,3405,5276;
4614,228,1152,6957,1587;
7638,5243,8152,5348,2528;
5315,9983,3314,5559,274;
9311,9260,3542,5098,353;
2621,6118,9620,312,876;
146,3698,7413,5676,8844;
5672,8178,3353,6071,2247;
3313,8447,156,5272,917;
5891,2085,3062,3334,4383;
1325,129,586,4731,6309;
2279,4497,2294,3332,9109;
3693,5556,4787,9031,90;
231,324,4560,6421,453;
1289,4921,3362,2886,2762;
5673,8688,2895,1245,9549;
5251,7914,8085,9348,6896;
3795,9807,5572,178,9133;
4921,4154,4044,466,885;
7606,8528,2187,7250,948;
8978,1786,98,1273,7767;
873,5473,767,36,2832;
1695,6482,2212,1105,9650;
8167,1293,7145,1292,2421;
9434,8134,6742,5994,2118;
682,2883,9074,6914,3135;
849,3511,4800,4039,3161;
222,7182,9696,7056,1261;
633,1631,4602,2871,8980;
2630,3238,768,2704,511;
5409,9741,9742,5993,9433;
8067,4748,5489,7,1067;
6939,1920,4126,8064,874;
7491,9826,1241,9749,4338;
2381,6841,3210,6169,2101;
9146,4063,8997,9551,8730;
8728,613,6017,3931,1466;
7221,4009,9662,3756,1799;
666,5403,8847,1707,8679;
1227,2693,7586,6285,2760;
4980,730,8219,9625,7923;
7963,1117,9346,1155,8724;
9517,468,2992,2522,8227;
8895,5824,9366,666,1874;
2554,3542,8732,9995,4316;
7869,6725,2244,5531,514;
8325,442,4521,9541,527;
7327,7751,5340,9099,4240;
7603,3241,6125,7985,4091;
95,1756,9587,9887,1105;
1261,5117,2714,832,8053;
6755,5662,58,7550,1127;
7183,9372,4145,9662,1608;
6541,6981,4203,4917,2868;
680,6983,8509,6371,1852;
247,2693,6302,1914,2341;
1145,1887,1520,6565,2454;
1235,7931,3979,3776,2517;
5881,6229,4523,9658,5743;
7995,2760,3806,592,4256;
7487,5478,1478,1120,9844;
9336,2021,1541,6310,9226;
8043,2429,4102,5995,9455;
6587,25,6803,4978,3808;
7045,1251,3735,9307,4068;
5508,7984,484,3688,1587;
2581,9302,1510,8047,6255;
1149,9232,4459,4941,3289;
4679,7729,5847,1208,1427;
618,6033,8797,2524,6367;
5773,2603,5358,8516,2246;
4333,7844,8937,2504,667;
9715,8027,6634,6926,968;
2989,9858,3304,2901,4156;
3099,4973,4551,6852,1072;
7150,7449,4891,3241,4842;
9417,4790,6011,9622,8518;
784,7052,1570,5938,3326;
4012,2094,5939,1130,2674;
8565,5351,3582,2880,1;
8012,6922,8715,7606,4676;
9259,946,9559,3461,3625;
5403,5700,9071,2280,7058;
4878,3273,5344,4128,9209;
6487,5314,9418,8922,4662;
1995,2479,4684,830,1388;
4423,2133,4866,8141,2801;
6943,8902,5103,2216,4670;
1491,5033,1325,5879,2364;
2026,9429,1516,3861,3;
4456,4666,5834,4531,9885;
2263,5328,6930,9065,9557;
9594,8739,6971,7907,8492;
932,6220,9587,7,2333;
8119,2629,3704,6916,2566;
858,9524,9391,809,2689;
6023,8322,4418,6406,5322;
6174,549,1313,4441,8331;
981,2551,5639,3622,9596;
2991,3929,9956,2906,9390;
5940,6360,3189,5558,1253;
2303,4079,168,6194,1146;
1139,9400,9156,9687,6303;
3598,5803,1373,9681,7455;
4146,6302,694,3691,7990;
6499,4803,9632,7763,5053;
2281,1405,3096,4259,3193;
1957,3870,1717,1372,4801;
5791,5093,3093,4449,4117;
9551,9150,9681,8268,3825;
8387,2048,6405,6313,9506;
3475,3926,1997,7450,6844;
1343,5185,401,7560,4670;
6163,3123,1968,5329,2515;
6139,4273,1289,6381,8187;
8424,2946,14,8323,4109;
1072,3059,4586,1196,2712;
1111,5288,7871,4847,6756;
8013,2801,5388,6914,9280;
9914,5758,7131,8044,2981;
218,8430,4781,8614,2645;
445,6198,2413,5925,1727;
7135,6823,98,11,3947;
2369,8659,7326,1407,3032;
650,9497,1124,2267,9298;
3187,1816,3076,8676,328;
9,4083,7227,1219,4505;
8341,2427,6139,8167,1012;
1560,5945,6224,1869,7027;
4342,916,5643,9220,3824;
2240,9248,8267,4781,9480;
2014,2479,3450,4417,1149;
2392,7281,5990,8787,8234;
5488,3167,6691,4031,8152;
8689,3335,4870,3755,8263;
2244,2288,3736,4402,3938;
2146,6426,5394,8560,9549;
4245,7645,3174,6932,7938;
3672,8063,553,9617,2753;
8934,6235,7364,7231,3075;
5461,2282,8177,21,7004;
1378,1608,1374,4134,593;
1458,8285,2583,3818,8312;
4619,5936,7556,5818,6748;
3657,7754,1337,144,8226;
3110,5420,7284,9115,4396;
9557,8399,9080,3427,508;
6449,8636,7007,4078,8650;
2486,7197,7163,7545,2065;
6641,3230,6613,5307,8621;
9757,5988,3527,4135,5848;
1950,924,8213,1778,4106;
7294,7005,4129,6228,3849;
332,1096,6231,4877,4220;
1664,6350,7147,1246,6021;
2794,1532,4885,7376,8137;
5208,2422,569,7470,5739;
9906,9730,9196,7336,4659;
3289,2106,721,5266,833;
5527,9118,8134,3821,7035;
665,8001,9417,3788,3876;
5119,6680,1230,1783,1504;
5280,2793,6322,4769,5102;
8477,282,6136,1383,9778;
507,8772,3379,2391,7064;
3565,5432,9432,7740,5938;
6859,3101,1534,4415,3405;
1369,4026,2663,2758,4882;
503,15,4978,3910,2717;
5166,8885,9662,9139,9467;
5815,6011,3981,490,6138;
4350,4524,7323,2478,2776;
3482,7641,7923,7190,4245;
1561,3050,4672,4894,3178;
6568,5220,577,7125,4271;
587,8837,3790,8461,8979;
8235,3888,577,8051,947;
3208,6866,5940,4747,7120;
773,3261,5972,6536,5525;
8040,2782,2884,4230,5709;
1292,4951,8,4594,1564;
3605,5861,4536,9921,3604;
3233,7452,3403,4546,1034;
9997,7046,1455,1122,403;
9910,1933,3488,1973,297;
4926,1259,26,9847,2907;
6958,2675,5823,6444,29;
5166,3006,9891,2120,4499;
9091,303,9897,2946,5431;
4613,9138,3402,7710,1787;
6020,952,1271,4262,6465;
8166,7691,6221,8217,3592;
8054,2153,3014,329,4835;
2674,3408,1621,6479,4033;
7730,9396,2352,4029,6298;
7542,5396,9148,1761,7466;
1189,8251,8319,7426,345;
1167,7063,1519,4672,4452;
8636,4600,7447,495,4751;
1929,1043,5665,191,7287;
5418,9363,2970,3833,5738;
1542,7976,9555,619,3159;
6408,6555,8150,9660,7783;
5556,4637,4251,7824,4673;
4171,6569,2122,8721,6064;
8957,9498,8947,2337,5849;
7192,7691,4865,9349,3725;
1727,51,6920,9451,3224;
4362,4380,1929,9656,667;
981,5939,105,1670,3095;
5718,9161,3371,3427,1885;
1449,9694,3879,951,3268;
490,5965,7710,8779,275;
5783,2979,6734,7364,650;
8845,6697,6511,8483,3993;
1746,8609,8589,4704,8397;
9563,6345,4247,6747,9011;
4625,2286,4406,3731,7343;
5253,4474,7488,5919,2845;
204,4362,2127,184,868;
6291,2112,4497,6441,8279;
9970,1199,3679,8849,2409;
8073,7698,4115,1575,3027;
8237,3051,6850,5396,4841;
3406,614,3342,5875,2049;
7791,4019,3818,3758,2928;
9251,4439,4653,6326,2961;
6629,8052,189,6910,5317;
5330,2485,838,1188,4904;
5319,2583,5394,2003,2881;
6187,5860,8287,5022,1928;
7593,2706,6115,356,7876;
7708,4961,2016,4795,6094;
5806,6905,2475,2864,4688;
2281,712,5856,2317,7189;
7482,4191,9039,2853,1813;
3128,5991,934,2705,4823;
2224,723,6606,7254,3530;
1781,4094,7338,2394,9839;
2573,672,4265,4219,8250;
1282,7850,4995,6500,9921;
5987,7572,7551,2235,1280;
7705,4882,6806,5803,7630;
5104,7618,2584,48,2989;
7365,851,6989,4214,1228;
1869,4046,5583,673,4456;
2568,4858,2749,2903,2282;
8255,4329,5313,9278,7011;
8245,3967,1526,6927,5425;
1617,8071,5495,4568,8231;
9486,5278,4178,9565,3570;
6072,9721,8094,4403,1283;
5182,9004,3408,2556,1559;
7963,2756,4420,2015,963;
7660,7350,7342,9631,2698;
6900,6770,2091,42,1666;
712,5230,7250,2779,8887;
3923,5767,4472,2874,6349;
7572,6988,2088,8008,8079;
8867,6866,6778,9319,6857;
7903,8918,9638,8300,2308;
7730,4514,5900,6601,9646;
4447,8058,5636,5079,9048;
3842,4503,8603,9985,5656;
3544,278,9329,1810,4040;
9466,8081,8672,2479,2994;
6837,4616,6858,1075,9883;
8295,1714,6836,5081,288;
6050,9620,463,4707,7408;
8067,1536,4235,515,1068;
450,8974,4261,4648,8847;
5283,5051,7224,7052,9168;
4543,6838,3387,7732,8687;
4176,4998,7747,5858,7466;
9866,6579,4350,524,9795;
3937,3630,7201,1004,5480;
2200,7216,2736,4687,7589;
1849,7511,9716,9838,7852;
7866,9542,8628,9126,3604;
5824,4467,2826,1795,8559;
9561,9875,9062,7504,2705;
4238,8344,3087,9738,831;
5330,6945,5700,1673,8727;
6821,1000,9879,5915,7396;
185,9566,6976,21,6197;
6135,1883,7074,4684,6346;
572,7278,7265,5471,7964;
9228,6855,1359,5244,6801;
204,4345,7034,2409,4949;
2844,989,710,4407,178;
8221,5364,5261,4561,6111;
2414,9654,9204,4035,9198;
7682,4715,1674,5868,5083;
4893,7855,1689,2766,1382;
6890,3579,4150,2419,5576;
9672,4132,8709,7760,1445;
1190,3999,6843,5740,9744;
5190,5447,3708,8088,142;
9252,3370,8325,7637,5449;
4391,2835,9204,4168,3701;
554,5091,9247,6032,9371;
8611,8464,1322,7943,5417;
8552,890,3310,828,9253;
131,9284,6112,5759,17;
7567,1677,369,8579,280;
1482,5863,431,1228,482;
276,3594,4220,8221,3536;
8931,7149,2097,5022,387;
5202,8384,5590,4412,7832;
8976,5621,8515,2659,9267;
6420,5355,2444,770,6810;
8156,3114,8605,9268,48;
6513,2287,9846,6642,3559;
7235,3704,289,8599,6023;
5244,8487,3043,5364,5813;
2672,4427,3661,8421,7521;
1218,7508,9812,9691,4258;
9031,1956,9663,1289,3384;
6864,4747,7945,264,5204;
7531,9328,9554,8042,5147;
7333,1368,1223,6956,4319;
1595,7597,5493,3382,792;
1238,6306,2924,6508,6235;
6911,3508,5269,7108,8671;
845,5361,2126,4274,911;
4177,472,4208,1674,3091;
2070,893,6250,5789,8872;
5431,7829,3159,2234,150;
9868,7591,1236,632,5352;
9272,5429,260,6814,467;
9840,7805,577,1168,251;
9476,1628,6688,9222,3019;
7736,1151,3013,3145,2047;
2352,4040,6661,5842,7507;
5610,8825,8182,4297,5535;
3032,218,4581,1150,1879;
334,8101,4615,8542,2672;
3354,4940,7266,1631,9568;
4708,1767,3796,199,3775;
3994,154,864,4014,8425;
3033,5537,8490,1307,5199;
9927,2298,2852,2925,1609;
9513,3029,3365,5227,3472;
2504,2929,611,5738,9148;
5155,2255,3179,3808,9825;
6394,5247,8263,1007,1594;
2302,7000,5759,7457,7936;
1521,8581,8279,4851,1395;
1254,9700,9145,6141,6195;
928,2598,8541,8446,577;
1718,6974,2629,4666,6062;
6990,6620,5722,7862,8015;
6456,5530,4847,6154,1520;
8700,7821,8037,6021,5551;
3889,4686,1665,5932,989;
6670,594,177,31,7163;
3834,7209,714,1843,7889;
6560,9977,5338,8504,6416;
1831,8182,3947,9884,7198;
9219,8071,1620,1785,7604;
3257,2794,718,3210,6768;
9159,652,4730,5159,9193;
1732,4559,991,5004,1134;
6564,988,6595,2777,2081;
2882,5786,2741,445,1998;
9646,7785,8317,1706,7933;
7762,3060,9077,7857,4392;
803,5083,8789,7588,9397;
4536,1294,1633,2367,1455;
210,274,1954,516,2284;
4263,7212,8498,5108,2022;
720,8220,1887,1325,5950;
249,606,4103,6662,8441;
7270,9808,7039,7483,2513;
9491,1366,1813,8944,4106;
1124,3517,3279,5326,1520;
237,7257,5526,8949,5688;
8650,9986,240,7112,1227;
8320,9003,4499,7780,4867;
7708,357,894,8119,9252;
9396,5008,2523,5868,8990;
1752,6588,7161,2112,1654;
12,6776,550,2914,5645;
6152,6208,7290,6553,3601;
8121,3702,8078,5169,6696;
7355,7879,7948,8499,6376;
1360,2241,7248,991,473;
5931,7006,9613,8499,9291;
5185,5826,6796,5567,7021;
9995,3382,1839,9767,3057;
9582,7087,6242,1572,1539;
579,4486,4241,3764,7844;
7578,875,7355,6197,2947;
7150,6933,458,1109,801;
6044,4094,333,118,7247;
8323,9969,411,7276,609;
2040,4942,8510,7323,5721;
832,7494,1094,8064,1688;
3550,5937,3931,9188,1292;
9674,4984,8161,9425,1989;
9829,3424,6787,3383,1147;
5127,4453,5647,4203,5828;
6181,1505,9217,189,172;
7454,231,3093,3430,8157;
1857,8485,6462,8458,731;
3958,472,8512,46,5919;
6540,9131,7144,1312,1376;
5931,9282,997,5278,6696;
7939,167,5329,3665,8413;
1865,2928,5584,2396,1091;
3867,2278,7336,9934,9506;
7561,5913,3176,2972,5068;
6444,7959,6931,4575,5851;
3282,8030,6764,7003,7602;
2390,1793,4770,8256,6052;
9543,9567,2691,9043,9148;
6115,7815,2777,5728,6021;
1959,2100,8506,4162,6512;
8001,3751,7,7915,1157;
4545,3539,9711,4890,4862;
1357,4858,65,6589,1758;
4318,7121,6001,3117,1313;
4444,5779,2716,3328,6688;
9737,4706,7922,8702,793;
305,9032,9295,7556,974;
6920,8713,9337,7225,4336;
1187,6900,9823,6901,1167;
8790,1341,6651,4434,8610;
437,3863,3944,3388,8280;
9826,4738,5096,239,7245;
8837,5165,670,1767,5536;
9240,8193,5214,2509,3197;
6807,5712,5805,4375,8212;
9157,6191,4665,6005,7527;
6144,8607,7340,2215,7952;
4968,6483,4365,3751,1608;
579,8029,4883,4613,1889;
2123,5717,4112,632,3543;
6474,6803,2072,962,9238;
7081,2184,4121,4197,1774;
758,6510,747,2291,6954;
1464,7719,2381,3551,580;
1152,2544,3235,4774,2517;
1995,3004,258,1822,7918;
1747,8006,9350,4822,5387;
5728,3948,9206,9615,8052;
9255,1265,8719,8857,9570;
5393,6183,9798,5998,8397;
3172,4515,516,948,5762;
9033,5266,2284,973,5333;
5287,8242,2242,8255,9320;
5675,4924,2703,1004,9093;
3457,5298,4770,2574,1480;
9039,8770,3861,7004,5810;
4695,2616,1398,8401,587;
3339,8629,7618,7213,9329;
5079,2283,602,2586,7533;
3514,1029,5784,7822,2538;
8192,5358,730,1535,9796;
7798,9473,602,1468,1398;
5365,5861,2602,2478,568;
7379,214,7522,5714,2969;
1469,5674,5994,6942,1755;
3847,7787,1857,1921,4651;
982,2037,6841,4791,9084;
3120,8607,4456,5989,5627;
7067,157,1014,2575,2677;
7626,2591,1470,2085,9698;
3455,5081,5212,6906,5799;
6288,186,5283,9249,5638;
388,734,4420,9865,4568;
5066,8158,8431,1965,1420;
7534,8954,3756,6119,8986;
8462,6774,2892,5202,7721;
3155,7867,6931,2967,2891;
9642,6680,8670,8878,5184;
9954,1311,5179,3044,7587;
5645,1417,859,48,3016;
7830,2928,2636,2565,916;
110,6674,1421,5359,4265;
8315,114,6562,4519,9703;
2037,9978,9558,1171,294;
9475,4533,1031,371,1202;
4240,5526,5470,3958,2406;
157,1612,1362,1011,323;
629,3646,946,264,3187;
9641,1068,706,3574,2679;
7727,339,1776,8398,5423;
1600,9866,8048,9368,9139;
1444,7049,568,5571,2633;
8627,2988,3768,3497,4375;
7509,3393,90,2514,8119;
9812,4999,9134,1761,5571;
2240,5603,6629,9603,1;
7728,5217,7316,6890,1695;
5532,4723,5346,8729,8478;
8855,7145,3242,3598,5827;
1668,3615,5950,4782,4492;
6782,5428,6535,3676,7155;
4085,6708,4529,3962,7403;
6380,7457,1882,8393,168;
7558,4643,2122,6683,1333;
3995,1002,3746,8110,292;
5484,1530,9293,1381,2168;
2845,7843,9975,7320,2545;
4804,6253,9042,3470,9148;
6958,4671,740,9135,4039;
9159,5433,1101,734,7121;
4963,8149,6509,3553,8159;
321,5016,9096,7559,177;
8885,967,992,6133,162;
3720,6508,6602,4275,8253;
1960,293,9611,4425,9386;
4867,6150,3412,3889,6639;
9085,9204,2388,8595,5788;
9016,3335,4908,1479,3289;
6022,6594,9337,5831,4217;
6921,6763,5877,2020,2319;
3744,8533,3590,2372,2579;
3371,4777,5553,8986,9448;
6702,5538,1038,3170,3630;
3886,2601,6004,9752,1077;
1705,7932,2073,1930,2603;
9359,1208,5851,7745,5641;
3990,6234,9124,7119,6642;
10,6471,2911,3762,3349;
4560,7550,3927,4733,6667;
8378,9742,6379,4381,4370;
2014,1775,7746,1122,5998;
600,2484,2653,1298,6191;
3368,5883,7763,2280,8948;
7618,9511,6122,6798,9961;
6845,2775,615,2131,4657;
1061,5291,8055,2391,7614;
927,1787,6814,9655,7331;
5402,1566,9477,3120,3255;
1844,179,7364,5367,9644;
6178,3245,9756,5319,1246;
411,9146,780,9918,5818;
2805,8019,985,1857,8267;
5386,6343,677,3558,7117;
674,565,5152,6341,8116;
5200,1218,9465,2093,818;
9422,852,9461,9334,7426;
2588,5725,6568,6685,7557;
63,8094,9056,3928,3116;
9827,5651,830,1936,9973;
8174,3902,338,6535,6651;
1924,994,4354,6730,9834;
4946,3448,7070,7609,7028;
8409,505,8491,6131,8720;
4369,2014,6552,3218,738;
5630,2523,944,3631,6160;
5185,5852,7743,5326,5276;
8295,7465,8839,9628,5906;
8034,7370,5766,3004,5887;
9319,5884,5850,8827,6674;
9282,552,4212,5624,5706;
4495,9398,3687,9543,5354;
931,78,4986,1864,7890;
8755,7891,6411,9221,3210;
9878,6052,3279,9311,6022;
4737,1893,3936,2833,7046;
1504,3158,539,1701,3400;
926,366,7883,9960,6570;
32,9187,2628,4800,6762;
1638,4499,3312,1984,5916;
5315,3551,5215,9138,2858;
2798,786,7785,4417,2541;
2161,7427,9541,7333,4099;
9858,9574,8450,2442,1002;
1864,1510,4914,1572,7692;
3222,9927,4575,3473,9008;
5506,9734,7115,2653,2299;
3072,7187,2618,9738,3405;
9072,9679,4981,6545,5393;
4686,4657,6862,9329,5064;
9501,1731,3170,4415,5585;
7220,97,5655,2530,4149;
9123,2565,2115,2556,3663;
703,3896,8562,9704,2283;
3432,889,628,9375,661;
6799,727,3889,9151,5335;
5154,9743,161,901,7059;
8926,7610,6145,6482,2960;
8778,77,7576,507,8608;
8215,6193,2323,3788,2814;
6275,9848,4446,306,1901;
5416,9625,4527,5630,2010;
714,1000,218,3691,222;
631,8984,6665,4013,7542;
9083,3753,4794,1133,2708;
4075,6268,3637,7417,2618;
3766,9615,1031,7531,5242;
2166,3662,2498,2028,321;
3094,7578,9316,8179,1076;
2067,4036,8293,8942,118;
3947,2217,9095,8366,8453;
9475,7650,7084,8559,9983;
8468,9092,3154,422,6193;
1918,1496,6907,2584,6871;
9721,5445,4869,5694,2644;
4033,3675,2716,8471,8562;
4844,8789,2058,9690,7177;
8600,3656,7289,9959,5567;
3260,9864,8386,8494,3111;
642,5451,8704,8453,9174;
7317,6546,9557,8121,2615;
8202,4623,5102,6075,9218;
4684,452,3824,1873,7622;
3989,6550,9124,5962,5287;
932,3006,9851,4558,6789;
763,3546,5196,429,2880;
4647,2491,1026,6310,8135;
7946,1813,8940,9068,1206;
7001,5398,6225,9204,3451;
644,3506,4625,8763,8309;
7221,6296,8915,8115,206;
2746,6777,6087,5513,6148;
6228,4486,8906,4803,5919;
1708,904,1702,7110,2477;
9841,5407,9255,9619,7638;
9457,2801,7020,6544,1500;
2000,5872,6936,8462,3912;
8707,473,8011,5333,9664;
8046,5366,6636,7018,2244;
1270,6137,5834,2174,2110;
1659,281,4011,2910,7336;
9556,7709,6654,7889,5784;
5222,9298,1376,1216,288;
1906,2812,9921,3492,9113;
916,3679,6251,7077,7490;
7185,2854,9427,3447,4968;
9432,1428,9989,1915,5817;
1369,681,3644,2055,9515;
4881,6259,5020,5606,539;
8929,5194,9685,5811,896;
2423,4977,9974,437,8939;
6951,8116,3957,8053,4018;
1361,4793,7737,8149,5177;
5805,4243,7064,1551,3397;
1174,3088,6188,2597,6127;
5718,4297,3403,5450,4490;
2857,1665,9020,2585,4082;
548,5999,1477,5778,6912;
7683,5040,4586,395,8013;
7010,1098,105,7653,815;
5365,8594,7755,2146,8507;
5404,5227,2853,1236,1162;
2439,7129,3754,5428,5036;
6695,8095,3775,7612,5730;
2158,1074,1369,2382,2515;
9661,928,2642,2156,4842;
9456,9004,3062,5216,1840;
4120,5946,2122,4964,7702;
8639,3331,6784,1847,526;
3233,4400,7045,1555,4314;
9677,5185,5495,6495,743;
400,2246,3119,2872,9992;
5228,192,5612,2825,9821;
9608,180,7114,1968,1750;
7561,9306,9924,7868,8670;
1493,9103,99,6400,7900;
8303,3657,7011,7017,2988;
840,306,9144,3206,3871;
2754,5001,3789,7207,9112;
770,9170,527,2965,635;
395,2361,5704,9637,4176;
809,4178,781,4352,5023;
4125,3714,7085,9434,3867;
5123,7954,8765,4722,6010;
9883,2009,7775,3791,3299;
1603,6777,5194,4380,3895;
6514,5913,9901,1802,4631;
2783,1966,1423,5981,8816;
290,4833,822,8759,889;
9447,9168,9756,8492,7846;
1214,8561,8206,3527,2708;
6012,6084,2743,3326,5654;
9130,7705,3625,5055,3058;
6484,5863,647,8090,3921;
6390,6342,21,671,6042;
5108,6596,8419,3777,3438;
4255,3449,8873,5555,1583;
19,8250,1749,3013,8346;
3732,833,3092,1012,2287;
3826,2389,516,1623,8822;
8766,5561,1747,5012,5997;
9734,8623,9237,8757,468;
711,7803,6149,1641,8207;
253,3,127,8309,9909;
7015,4165,7064,1716,9789;
5372,3284,874,2491,4511;
2547,1854,7114,1932,7088;
5608,1395,4535,4725,1557;
6164,9250,7115,2886,5444;
5741,8593,3354,2816,4136;
5002,8139,6172,1577,592;
9486,3355,937,4781,1950;
742,6129,3620,1120,5010;
812,885,9567,7770,4872;
8941,1340,6161,1916,3085;
8285,2202,9004,7544,4744;
8517,6362,7657,6357,263;
6323,8407,1806,5174,2557;
7194,1394,8217,2636,2715;
9068,8527,6723,5702,5726;
6652,7290,4141,1938,3008;
7233,4685,1391,6023,5664;
5337,4548,6727,9586,4048;
3826,3629,2575,3885,1353;
109,7778,7515,9734,9998;
5580,105,3572,7776,7186;
3989,3695,7854,6876,4437;
9219,7738,6999,2252,7067;
7665,3554,5596,8566,7870;
5098,7078,9095,4385,8942;
4005,4726,5224,8165,9027;
7015,4478,734,1843,3538;
5966,2821,4143,9000,1835;
6076,7191,7543,12,1475;
9227,9548,7576,4958,3831;
8142,2329,5290,1020,7652;
3832,676,3516,5138,2712;
3097,9106,6217,4727,872;
1211,2559,326,595,5166;
2686,3784,9424,8646,6019;
4363,8813,9918,3771,4538;
4200,2699,9109,2193,9069;
9607,5053,2648,4686,2360;
5992,4000,2480,9436,4777;
6631,4651,201,6837,1098;
7515,2459,7843,5934,1156;
4907,9527,9955,2306,8863;
570,2863,1488,5452,2805;
9704,1793,4394,1997,5768;
3885,9259,6507,610,2423;
7244,4963,459,2237,4165;
9933,3625,4067,5346,5575;
5287,6854,4706,2481,5241;
353,5648,7062,1224,6983;
3410,2943,682,8160,6932;
3013,8977,8860,2399,4076;
1527,3111,6519,1131,6973;
8944,9005,8612,1088,7881;
6236,5350,5080,332,2690;
3214,9319,7088,1142,8870;
7399,5232,7301,3612,3915;
1689,2445,6206,6821,7335;
3667,896,7116,7948,9822;
5176,5825,3902,2048,3232;
6659,1717,1420,1794,3498;
6379,9045,6908,368,4253;
2976,8836,2705,6404,4428;
7850,7821,6628,821,4729;
524,4108,8400,7279,7701;
8365,5292,6075,6328,6582;
2851,8769,6386,5270,5850;
6381,8621,1580,1727,4351;
7471,7764,631,4618,2854;
392,8269,6975,6377,4485;
8019,6125,9910,7393,8808;
9258,5214,3605,6725,1717;
2094,1029,3633,8964,709;
2690,8157,5702,5592,486;
8043,1070,9228,6103,600;
6399,7226,4966,9808,1088;
7080,1637,3599,8544,2754;
9840,6220,8845,8545,3291;
4476,8290,2164,4877,7860;
2850,2444,8877,1745,1162;
3357,9460,691,9954,5939;
572,8322,6746,7206,4772;
4050,439,6511,5364,3797;
5323,1016,9178,9840,6661;
2686,7394,4496,4682,4607;
4114,4428,9935,6129,8429;
6679,4375,8071,7128,5868;
2576,407,5782,4946,3061;
465,1381,8770,6278,6347;
2536,9870,5253,8274,5139;
6564,3747,9326,8192,6477;
6052,3164,432,7495,7307;
8733,905,9190,9446,1429;
3991,617,51,6376,2962;
2050,9259,808,2008,2106;
8844,9535,5133,6781,8874;
4573,2752,3934,9001,7197;
8524,7942,8380,6604,5253;
5338,9369,6211,5825,4612;
4706,3525,4081,3356,5066;
9448,2731,8970,6000,2820;
9613,3218,318,1348,3264;
6097,3861,9034,6111,3187;
50,17,5449,5395,593;
7471,688,4871,2389,6643;
9615,3053,337,3298,1622;
9967,531,5874,6336,1650;
1871,8041,66,6020,6285;
6396,2091,6579,1060,871;
2221,4275,4948,5077,702;
5663,2618,1591,7159,9304;
4550,2675,2133,6732,8010;
4843,3680,7360,4497,5587;
9296,8008,2584,5685,5100;
4248,3850,3690,5514,6237;
7138,9435,9259,386,6842;
6382,8171,2810,3054,6079;
8545,3584,5320,7129,467;
6760,9953,2108,4835,9894;
7513,4068,6136,9566,534;
7982,711,1920,71,3637;
8376,4653,6249,2140,3443;
855,9864,6442,7480,6314;
7231,4774,7638,5224,6887;
3101,7761,8790,6279,3439;
5726,8009,1512,7051,6614;
9282,7572,3677,3506,2949;
251,3334,4876,7886,8384;
7223,1600,4588,1945,7442;
7836,7216,3742,4324,8093;
4334,6796,1159,9551,8613;
4139,2667,5618,2689,1373;
4491,278,7454,4682,6748;
5085,6686,1527,1222,5612;
3336,496,7846,3232,6739;
9993,7737,9526,8362,1271;
3820,7196,6543,4158,5959;
7486,653,7441,384,7231;
8221,9153,6433,6269,9737;
3023,4983,8517,3477,941;
2500,3227,7782,4290,3098;
8592,69,5660,7142,5122;
4463,6292,216,3408,9011;
1414,1995,1155,4466,9672;
2455,7196,6258,5023,2298;
1763,4227,3692,2071,3800;
3818,2422,7524,9138,6511;
5875,2503,8492,8207,2426;
746,5334,595,2666,8767;
6015,6765,363,3940,7912;
8649,5886,7676,6624,9209;
5749,5786,9691,2382,5945;
7503,2963,7435,1605,2695;
506,2953,340,3830,8146;
5158,58,73,1692,1349;
1750,1436,4877,3607,5382;
5208,267,5521,7689,2263;
7446,7655,4962,4525,3806;
1365,1347,2503,9516,5552;
9767,931,7617,2815,2286;
5979,3147,4530,3904,7968;
8409,1713,5632,6931,5870;
6378,4783,8662,7989,6043;
9430,9140,1671,2687,4668;
7165,563,7890,5098,6379;
1477,8604,4874,4946,332;
5191,3024,7664,7306,3663;
6035,8856,3190,4681,9500;
9804,2635,6613,1648,8495;
6957,4303,6611,3688,5409;
4748,4537,313,3017,9672;
8895,9485,1988,815,440;
4227,1264,9863,8270,2895;
5247,7487,5260,7550,6040;
6992,280,6437,791,1796;
7667,2259,9004,5489,3962;
6607,474,4806,2175,5484;
6354,4468,1713,3782,2803;
1813,5371,4108,5601,4284;
8069,1811,946,5263,9444;
1668,5422,208,8046,571;
5383,3279,1546,5802,4352;
6566,9499,9163,6109,9761;
3929,8859,8059,393,5018;
3972,4655,4569,3630,6959;
6606,7703,7898,6756,8894;
2909,7564,7815,7903,7401;
8108,5917,2694,534,4233;
6294,1393,7978,9022,5437;
3840,7098,549,6850,3435;
554,5300,7699,6459,7440;
1668,801,5883,9562,6748;
3203,5444,4390,7681,6634;
1255,945,8140,842,2644;
7656,5722,8295,4947,2266;
3340,5022,6289,63,1925;
4056,8488,9825,8333,6693;
5628,3474,6143,3815,9296;
5239,4773,1839,9483,422;
9774,2710,9878,8853,8731;
8704,3439,3076,9366,1745;
8151,8728,9495,5732,9949;
7237,3277,5863,8475,6795;
3658,9563,6779,7412,3915;
545,2148,8757,2627,8042;
4098,4597,5352,8576,7421;
3945,8871,4026,3191,3056;
8792,5648,9038,7090,181;
296,5831,364,9176,2104;
7045,1740,3383,5273,5101;
6314,7776,9797,4057,9922;
5671,5501,7258,7747,3937;
5630,1916,3263,6445,3430;
3415,7137,3437,3243,9231;
6913,2897,1475,838,8384;
1931,1778,6352,4539,3966;
8184,7500,1066,1098,9455;
1388,8787,425,5125,1247;
2165,1570,5141,5488,4031;
3102,154,5360,1220,3884;
6321,6109,5419,5309,231;
9596,5025,3943,6099,9865;
305,9863,3067,6806,3830;
130,2233,8106,7293,8008;
3717,2911,9806,4531,3184;
6292,2243,6869,4175,2342;
1841,4783,5891,6746,8083;
2574,5534,4762,6625,8487;
1165,4571,3020,6754,2732;
1066,4604,6412,6990,3499;
4324,6793,2351,853,2405;
8828,4084,6757,9141,255;
9377,6447,6512,9028,6263;
6551,1735,1566,5322,3862;
3972,2451,5223,1211,2597;
468,8494,5360,8029,7663;
1156,3111,7182,6794,3398;
9038,3927,2983,2392,2365;
6198,5937,7536,8406,6421;
7431,1700,4650,6344,9155;
38,1664,4911,8259,6586;
6822,6145,7401,8842,2062;
8916,4281,244,9330,9901;
4333,1874,809,979,4043;
7101,3459,6903,4408,4466;
515,5950,4520,7860,6001;
5965,2375,6927,8404,5672;
3539,5493,9068,7992,8808;
8672,6214,7813,3762,7140;
9214,4323,670,3615,5854;
492,5230,8465,7752,2214;
1020,9953,5825,7635,7209;
3167,2470,6517,8980,4925;
3887,1169,2433,7106,2026;
458,1704,1211,7855,6415;
7450,573,1525,6363,5567;
3755,9955,3176,3700,2875;
8324,6828,5206,9502,6184;
6163,2818,5873,3900,3528;
6419,1305,2703,7511,6336;
6590,8113,7392,5708,8396;
7250,7,6421,4073,6483;
91,492,8338,2782,3188;
1315,179,5699,3528,4188;
516,8368,9675,1092,2362;
8047,8484,5180,563,8398;
3679,644,6269,9185,3985;
1403,2967,3917,4703,4842;
9651,1289,6831,7622,1762;
8443,5146,8681,4219,8966;
2636,2085,2617,756,112;
7548,52,9774,5134,1821;
9053,354,2632,1139,5742;
4589,8287,1236,4341,6142;
7783,1646,9999,9468,3534;
4083,586,1840,9083,9718;
5847,3790,7596,7500,3048;
1337,2009,1113,3802,7445;
1798,7782,2736,1844,2778;
1405,740,6145,8420,9624;
2222,3021,1261,2193,8459;
2825,4932,4230,9898,8709;
528,5430,393,4865,8930;
8579,1452,5161,800,281;
6192,1597,2480,1315,7733;
9474,7118,7587,5529,1100;
7474,8614,3758,9255,320;
2820,3788,277,4978,71;
25,7773,9890,4222,5214;
4852,3875,5484,3499,637;
323,6009,7891,6456,7575;
2365,9012,4748,6626,982;
1368,7414,1337,6241,8402;
158,6492,6455,9607,4449;
1927,7318,604,1418,2811;
6852,3106,4902,3768,18;
6742,6855,8660,7867,488;
3811,4717,6473,509,4861;
6635,1978,114,7310,6491;
6123,7456,561,5385,2861;
3290,2349,7572,4169,4521;
4259,4790,5925,581,8198;
3490,3789,204,4365,1429;
4715,1160,6185,5466,8780;
9388,6087,9801,614,7273;
7784,2172,2864,8739,8015;
955,7823,8240,5106,8474;
5006,9166,3407,6202,7569;
2681,6456,4715,3190,9421;
2855,2531,5325,8097,9162;
9747,13,2699,131,4827;
3562,8627,4325,6664,5432;
5256,2807,9228,8523,7909;
8895,1657,3950,9239,5072;
7925,4317,3720,1685,7706;
3066,7682,2941,8920,6282;
4641,2994,2317,8791,3945;
4870,5069,1055,1329,8537;
7426,5226,3642,5387,517;
7021,5727,2164,8171,295;
187,7363,2774,5551,1567;
389,8819,6278,7512,4923;
8540,1803,1258,7185,5851;
3870,8383,2328,8399,7258;
7157,5500,171,2387,6224;
6747,345,473,7693,1234;
851,695,6557,8927,8418;
8624,5846,4557,879,741;
3993,4199,2051,6694,965;
917,5429,9506,7854,9063;
5328,222,3522,1894,5857;
5267,5226,7517,7454,5703;
8528,2496,174,5270,8923;
9185,1481,7314,1042,5113;
8035,3593,4124,9061,714;
8747,3061,9059,7922,2635;
3839,6565,8393,2974,1998;
3246,5559,1651,9052,3414;
6610,76,9963,3222,6875;
2455,446,3187,7516,9765;
222,5324,7658,5285,8714;
6482,9047,5212,6452,2106;
4764,5411,1430,1388,6848;
1506,7020,6090,6986,453;
6598,8018,1729,1630,7015;
4402,7350,2463,8401,8683;
644,5502,3969,641,1526;
8905,3607,4683,8410,725;
1104,7263,2346,2525,2656;
8214,4658,533,4294,2263;
3275,5595,4652,8395,9806;
4275,6642,3560,6864,1996;
5426,1448,9360,3525,5334;
5206,7401,2340,1642,6958;
4019,2682,4995,6295,5334;
4257,6939,2809,5763,9830;
8310,476,934,1053,473;
6976,3267,7546,2735,3140;
2508,5474,7450,605,1721;
4825,8944,1067,5468,1873;
8901,4284,5380,5707,9794;
1612,4622,6161,5377,7960;
7815,4070,9765,2491,1417;
3766,4616,2187,7273,9630;
5642,7757,7132,7210,8908;
6239,7437,338,9589,8334;
9400,9831,9339,2946,2578;
1537,3543,7869,1431,2784;
9807,9978,4491,5372,5843;
5301,2190,3248,6399,8811;
9132,7542,245,6875,204;
994,5532,9489,3563,6100;
709,9198,9146,615,4341;
2215,2583,8214,314,2371;
5065,3312,8232,9406,3855;
7917,2506,1118,3517,6153;
3617,2364,6657,9247,872;
6921,7524,9980,2103,5193;
4714,8842,3673,8092,6760;
9374,1720,1367,6096,5881;
4914,2491,7319,124,6087;
9767,7570,320,1939,8048;
1807,2085,3140,8961,1093;
1916,921,3485,9991,6179;
6418,1265,3583,1425,5553;
8515,3581,2074,3952,4089;
8856,5026,4481,9366,3096;
9902,2493,3751,8991,5417;
4782,1354,5906,3599,165;
3600,9876,9866,6444,2956;
612,3285,1107,879,6042;
2945,3196,4772,2914,7313;
6661,2555,2388,5805,9281;
2641,8966,8560,6184,2462;
943,9404,611,5958,7716;
4877,1073,1001,2918,6886;
6691,8123,1063,3485,245;
2610,8570,666,2242,6788;
2622,7230,5939,4548,4177;
6477,6172,2502,8161,271;
165,2310,6618,7454,4573;
8120,6141,3323,7112,4562;
3135,2277,4489,8569,4902;
4010,1583,9316,8381,8943;
5216,2876,1290,8762,5473;
3413,1035,7792,3003,5524;
7017,7431,2887,5814,1276;
7958,2281,6391,7750,8746;
6697,7027,5559,455,6021;
2767,1801,6925,6199,8912;
3386,2818,8191,364,2113;
9691,618,5968,9114,59;
2747,3653,6132,565,2066;
1739,4668,156,2264,3974;
4676,4980,6642,3112,6169;
8513,9348,4063,924,2639;
7421,9173,7135,5967,8955;
8077,6042,3757,610,854;
8790,3358,6505,9628,4164;
7751,2711,9664,6724,8112;
2436,4835,3468,2896,5541;
9973,3651,7254,3796,9083;
9766,6192,6579,3625,7335;
7642,2390,9350,1200,8344;
8045,8428,3913,4114,140;
5038,4987,4927,4196,6169;
8832,5697,9798,7538,5236;
9463,5415,8481,6001,4732;
5836,6381,6805,1152,1344;
283,2286,3786,1323,4057;
4290,1427,3474,5859,7605;
8659,4310,1713,3415,1993;
2095,7413,2855,6317,2625;
3450,951,698,8539,4389;
7273,8369,2323,4828,1814;
9486,4260,3930,2547,3271;
4084,9705,5420,256,9011;
7783,7439,2274,4433,3673;
4945,5664,7801,7477,5474;
499,9636,7443,2900,9416;
720,1966,6501,4360,5072;
2637,3453,8035,2254,2608;
7617,8745,6538,9787,1631;
1484,5588,4156,2265,5750;
8273,8154,3153,618,7986;
7065,9335,249,2981,7097;
6470,9700,2834,1921,9577;
6741,2549,6762,5276,8038;
4542,9575,6062,8114,745;
509,7718,2299,5496,4403;
9850,5907,9599,4303,1142;
2598,8479,2798,5968,1449;
2072,4603,5941,8800,7572;
7275,7328,7256,7403,3627;
9866,1274,4958,802,5404;
1983,5806,5229,1481,1406;
6581,9845,7116,6674,4460;
7021,3490,6110,5915,2748;
6520,7931,4311,3397,7435;
2672,3725,9868,5254,2993;
3247,9826,7892,395,5815;
7726,2026,6722,7238,6625;
1637,2313,4598,5107,8806;
628,4691,8838,8753,6183;
2434,1143,7067,8524,5746;
3372,8775,1086,4602,3402;
34,3560,5386,9631,9526;
3050,6141,4883,8869,1151;
8200,711,5591,2370,5866;
8144,2138,4568,2290,9295;
6038,4180,1834,9017,5927;
9925,3797,7515,4270,5545;
4734,2366,9503,1168,172;
328,4120,3934,7770,8843;
3325,2820,6972,9224,9133;
7297,8725,635,6404,3331;
6176,7198,1187,511,3815;
8147,4616,5594,4241,9389;
1796,276,7189,9742,1205;
3775,7535,3782,6978,6939;
1439,5840,3657,4219,4645;
8691,647,3220,4643,6925;
6577,8133,4600,5140,4517;
995,1449,3041,3181,791;
5568,9156,5623,7272,7904;
3721,7976,9320,7943,3540;
4262,3214,3437,4673,548;
7384,5501,4307,327,3981;
8337,6442,2808,106,877;
1588,616,4513,6460,9090;
5533,1602,2564,8653,4625;
9704,639,6231,8162,817;
5389,1465,4926,6019,8435;
9918,2096,6139,558,4365;
6858,4582,2050,3925,6024;
4498,3608,8348,1990,5658;
7427,455,4128,1459,4397;
8131,2335,7011,5855,2069;
5981,5407,1020,6347,3249;
9697,1036,9192,787,5428;
1114,7023,9165,4178,1179;
7264,8050,1536,6687,1117;
7610,9079,240,8470,3019;
4223,7118,9799,8157,3092;
6898,799,4666,1108,1161;
7832,5551,7086,8105,3653;
3446,547,9923,873,3186;
4775,6358,9799,1109,5007;
7572,7637,9285,5820,5002;
2237,2340,4709,5453,8153;
4031,3066,5269,9536,1411;
3751,3499,6492,9710,5370;
5454,5816,3129,115,4178;
4534,5493,3936,995,8254;
6003,5677,644,9048,1178;
1409,851,8468,3296,9230;
6961,575,3682,9919,7852;
62,7135,7200,8641,5351;
5487,6195,7544,7492,3159;
8382,294,1069,6967,1794;
2779,7685,8931,7456,2479;
427,4705,1130,5842,4555;
1968,9590,3161,1499,2766;
4533,8307,8648,9722,389;
5845,8332,5260,4578,5366;
6240,1235,1292,7702,106;
7320,6813,1425,6637,6752;
5615,6326,494,7745,9078;
2256,7947,5654,1225,3086;
2443,4066,4103,5316,2802;
8667,2045,5595,777,1718;
1486,8327,8946,1036,7487;
5922,6423,4708,7958,2316;
4906,8542,2702,8894,4898;
3706,6594,2019,9040,2050;
8053,718,5215,9066,4540;
5130,8096,2373,6918,9771;
5371,641,4053,5102,6029;
1160,3245,817,1361,8408;
390,1545,1710,4612,6911;
8840,5760,9357,7342,3042;
4614,6677,6980,8696,9656;
6616,182,6291,2194,6079;
9834,5533,6378,3182,3224;
6029,6095,9089,2590,4048;
1779,3141,6325,2575,754;
9477,6951,8246,9827,7587;
9231,3860,7334,5317,6666;
4660,266,3691,495,3725;
9612,2665,2012,7857,1516;
335,1521,5180,457,3802;
2105,7459,3476,9253,5868;
4647,3755,966,840,6302;
6331,2406,4189,8207,6903;
6389,9367,7245,2526,7120;
7247,6666,4258,5772,5589;
3295,5372,3759,8835,2988;
578,35,2205,4036,9306;
8037,3469,5722,479,9678;
9928,9448,5437,5549,5356;
144,9772,7084,612,1609;
2904,5596,2397,1623,8283;
8468,3626,6556,8656,1735;
2139,4687,8934,6507,4902;
6451,4576,2155,7477,3036;
4898,2859,7740,2721,2100;
6066,3766,8806,9828,9633;
468,2508,6970,6553,5297;
5988,1222,9063,4178,5457;
5005,116,4704,6272,591;
7166,5003,3840,8773,3456;
3019,3585,2544,921,4348;
7962,3405,8718,7384,2495;
8969,8357,4802,9723,6633;
3829,4720,4646,3055,7457;
4248,6708,3789,6497,9573;
1153,8508,2858,1899,3178;
9799,8785,9212,5670,1281;
5887,7075,7859,5740,5503;
7264,3639,3975,7139,1379;
2236,6623,7812,1925,9366;
8948,8297,5862,3719,1125;
8130,7842,7753,7249,8516;
7103,2254,1085,2061,5938;
8406,5843,5651,5195,6533;
9941,7194,4559,256,7734;
2336,7025,8995,803,4352;
4038,6627,8136,9315,2803;
7441,4676,1561,2223,5459;
5788,2441,9221,97,213;
1964,864,9635,8970,5370;
5661,3899,2922,8899,2583;
213,6331,7445,7245,3070;
6019,1996,5720,2313,6050;
6994,4360,7999,2580,2010;
3189,1265,8760,458,5098;
2777,9336,9622,6758,9245;
8561,7197,3086,5594,8862;
426,5799,1543,8010,3892;
7891,5199,5596,5644,9855;
7689,3113,8969,9825,6196;
8308,7462,2268,82,6113;
82,3300,2396,7467,2338;
358,4295,815,6078,5448;
5160,3319,3383,9872,920;
8750,661,5274,8359,5791;
7826,4322,9553,7939,711;
9147,1749,1649,2868,350;
3442,9118,6619,3078,3754;
2195,1970,7427,5913,9892;
9525,6093,2107,9094,6712;
1577,3989,9661,7427,8616;
4349,8629,6293,1743,2774;
2248,4521,9271,7763,3121;
4767,3846,5751,1025,5367;
7945,6639,4289,5924,4719;
8934,2129,3182,9173,6909;
8944,3548,5320,5820,5655;
7354,9466,9968,1474,6653;
8086,3402,1802,4244,4179;
3912,3010,1446,9172,546;
476,7329,7414,9247,8633;
2990,4323,8683,314,8369;
104,7206,3843,6562,9255;
7028,9250,9520,8428,5551;
152,114,8744,8481,575;
7611,5895,8162,8873,7797;
9006,6459,9051,2549,4573;
3263,8427,662,5034,5638;
8624,4052,2119,7497,7270;
450,9240,1012,8643,7434;
2561,9273,7009,5903,5643;
3823,7700,9031,2181,2591;
2274,8560,3938,6227,4026;
8634,9964,9523,7577,9863;
489,1163,145,6117,9498;
9814,14,860,7220,1574;
6557,8168,2622,8796,9780;
5269,906,7430,870,6677;
512,8815,3927,3311,4387;
7189,7646,5001,1056,5328;
4481,8346,7289,9648,2428;
2669,7972,9880,8180,3533;
8215,993,3634,2578,1599;
7768,4420,357,2607,6620;
6518,4478,7274,7887,5549;
1809,5563,885,3709,1656;
3895,516,9738,4217,6471;
9822,7299,3002,7663,2132;
3702,9830,97,8163,2993;
3406,706,4890,7780,3785;
4439,4720,9797,7362,7463;
9613,1717,843,9760,1295;
5617,9990,455,2785,6905;
1300,4890,4513,9416,5602;
876,3592,4165,6522,2983;
9389,4151,9523,735,810;
9318,8642,283,663,5723;
3895,1009,7234,121,6773;
2438,7622,7719,2461,7020;
2765,4656,9719,9643,6026;
6495,6489,8403,2523,1416;
4247,2905,7543,4550,5390;
7420,18,3839,4224,9298;
4844,2072,7637,5241,1278;
4011,7492,657,5812,6571;
8952,9345,1732,1505,5144;
7183,907,7251,9454,770;
2470,4921,9767,2508,1836;
6828,8845,4599,4865,2148;
4060,1995,4582,9709,7711;
2299,8426,6781,1679,807;
4879,3304,9246,4355,2801;
7499,2851,9499,3155,9549;
8451,9391,2362,719,2977;
9507,9683,9455,9878,5892;
449,6034,8653,8951,4315;
8724,7168,7906,3500,3609;
455,8400,9160,2310,296;
3557,6093,6210,6059,3021;
7006,3993,7838,3435,4496;
7345,6953,813,7819,1696;
7944,2380,1484,3727,4046;
1041,3269,3610,5502,5107;
3153,5922,7852,9406,2774;
6689,3294,8276,4332,1438;
9617,5660,9197,9299,7260;
5229,3419,7751,151,8581;
3788,5042,6289,1673,9483;
8611,9988,8332,6361,3850;
4495,5104,7176,9715,5791;
3324,4567,9229,2571,8630;
6450,1735,2249,7225,5111;
891,8442,2046,2168,667;
2774,9168,8508,3743,821;
7127,5463,1846,3682,9255;
8378,5133,4431,118,4281;
1045,8150,4533,5086,8361;
1182,9937,1777,3707,1976;
3581,5374,2997,4135,9768;
8493,5655,5262,505,3649;
8007,1928,2183,5720,6056;
7544,2745,9204,8831,577;
7964,7201,5467,3631,7432;
9823,1693,3486,1378,7625;
5401,1318,5630,5072,164;
947,2474,9074,1980,8224;
8417,1025,3425,1318,2823;
8261,7388,4664,2214,6512;
8473,6471,3478,2746,9556;
7337,7339,4517,8118,1239;
2952,6849,2168,6226,546;
3243,3713,8260,5663,6536;
2850,7595,4992,7000,7815;
2923,2342,3303,2284,2071;
4990,9221,7835,1483,6999;
5758,7578,831,8798,8292;
1291,9144,3322,5797,5164;
2474,6616,448,2382,5572;
6463,5881,9208,9031,3045;
5398,730,2241,7139,4171;
5180,3814,9437,5581,6563;
6968,5124,8607,1464,6230;
4345,8007,7451,4223,1447;
5951,4438,1539,6352,4671;
8957,3872,4927,9644,8369;
5957,6601,2167,3503,140;
7935,8805,4170,7357,8209;
7996,6963,2293,8924,3953;
3763,5576,3576,6812,5791;
9518,8170,6670,298,6936;
3218,1022,1173,8584,6212;
3441,6279,3438,2568,7293;
293,6092,6843,5353,8189;
6847,2509,8624,6483,2393;
711,2868,9828,8991,9374;
3803,5845,2940,8728,647;
2010,521,9979,8061,8043;
3365,7412,7207,1031,9896;
1048,3663,7367,1301,2340;
2296,8668,1691,2115,1420;
5973,7454,4008,4117,602;
8033,9650,3884,8393,1216;
716,5064,5965,7593,7915;
2940,7529,3710,9259,8535;
4610,6875,63,2382,4314;
2790,9177,5444,5831,83;
8676,2544,9614,2344,3298;
6700,3783,7390,940,9500;
1183,657,7420,5785,7245;
9312,6484,4565,9415,4346;
6759,6054,1847,7478,7699;
1545,1111,6050,6700,343;
7238,9304,9619,6572,6366;
3266,94,7558,7550,1042;
7471,2468,4022,1282,7541;
564,1174,2335,7809,6408;
6603,997,2025,5031,1345;
8636,8476,4708,5287,7545;
8566,825,9847,9689,34;
7277,7351,5799,6523,5721;
1631,2684,5690,4054,5300;
701,5960,2484,5350,8978;
3374,4558,5275,7674,9121;
384,9770,4134,3451,1178;
6837,3816,590,1647,351;
9124,5916,6289,6160,5562;
6157,2448,7690,6939,6462;
2280,6679,5885,8550,9691;
5773,581,4775,5547,6836;
4855,1625,5425,2798,9675;
7018,8887,8927,984,746;
5803,8119,2808,5656,7965;
7750,6649,7529,8933,9992;
2855,7606,6286,2956,998;
3787,3648,9012,7415,5060;
6071,8450,1602,7921,2942;
1893,5946,9772,3890,6512;
8559,2028,6254,9893,3108;
5192,5306,6217,3914,5240;
3272,7078,4737,8142,6054;
4082,6773,7604,8911,3547;
9215,5848,1681,4920,773;
5965,9138,5919,8329,1111;
402,8378,4778,6494,8851;
8696,9146,9918,9221,3676;
2066,1586,2815,1547,9143;
7916,6455,2307,2593,6469;
1433,7670,2937,2915,215;
826,2283,1225,1654,8235;
3550,2150,7469,1035,3627;
3831,6682,2123,6625,5063;
5772,8168,9554,4824,3948;
569,2001,2409,8717,9329;
3957,8491,3589,5127,1887;
5535,5033,2529,4882,6222;
8314,3309,5036,9106,9533;
4663,4590,8254,6621,7384;
795,5736,1411,411,5881;
8852,6784,650,6743,9677;
7992,45,874,120,161;
3493,873,143,3796,5992;
209,4452,225,1543,945;
767,7733,8736,6916,9188;
4777,5821,7182,9134,7398;
2985,8332,8548,6087,5992;
1276,1818,513,3429,1413;
5803,7999,6639,992,560;
4505,8352,9397,3490,2890;
5996,4053,8580,8993,5104;
4770,7113,6773,6009,8920;
7483,4030,568,985,6268;
4819,5081,1789,3191,433;
1721,5814,9609,1332,3151;
2536,1153,3476,8762,2874;
6524,816,2041,5478,5632;
6583,6285,6385,5845,5235;
5360,3072,7452,2975,7546;
5535,4002,7783,3636,3284;
2805,9233,4101,3887,6560;
6343,896,9372,7101,41;
4442,6528,1857,7514,9962;
2615,9319,6109,7943,4524;
2073,9315,7704,4901,5423;
6709,9729,9523,342,9715;
3867,549,8056,6644,3171;
9066,2375,2031,7238,6015;
5633,5358,3385,159,9743;
7212,2994,6669,7330,3544;
7539,5945,9422,195,2895;
5221,4465,9699,4400,4949;
69,5933,5195,4465,2685;
3018,7014,9395,2621,1501;
2052,9824,9605,1262,5872;
835,2119,8427,7116,74;
342,9762,8944,3375,3555;
672,8373,9309,4572,9207;
7333,7367,8265,3427,7320;
1693,666,6162,7365,7673;
5685,2354,7288,2108,6221;
9186,2271,2819,6832,7894;
9232,7035,7795,9099,2032;
4052,945,5933,5743,9099;
3136,6824,174,6072,3160;
4345,8010,5875,1690,152;
5283,123,5243,3732,5967;
994,8545,8043,5971,7013;
5647,9357,3255,2921,6396;
6264,8276,9443,3283,8535;
3380,3350,6181,2362,464;
4420,7426,1272,4380,3870;
4054,4925,2469,9906,6047;
8156,3970,3625,7950,1692;
1910,7491,6268,6616,5141;
24,3204,1494,3955,9946;
6023,5984,5885,8998,9799;
7014,4165,2325,9369,1801;
2030,6188,9983,1854,9935;
7015,5506,7538,7621,7041;
140,6751,8378,4000,9292;
7186,4055,424,2553,5872;
237,2495,5251,8422,8545;
3333,6195,9657,8680,9778;
1590,9243,663,4113,5595;
6834,4630,7129,8063,7214;
9388,6539,5945,63,629;
3292,568,7872,6203,34;
7307,7089,1777,701,9380;
2316,5372,8050,8732,4868;
1849,4745,1442,3996,7713;
725,253,6595,8644,1503;
372,9002,6421,8088,8656;
1181,3988,5225,3454,1530;
8591,279,588,9712,4988;
9977,9153,3369,9096,5583;
7527,7402,5757,9735,2928;
111,9187,6527,6373,4039;
7111,3285,2331,5688,9511;
9767,9831,83,1880,6074;
7740,9716,1369,6562,7500;
4484,7844,1163,8686,8496;
2418,2745,4814,7517,6120;
6253,568,9540,8049,1483;
8209,5556,4589,9047,3505;
5114,4132,9400,6927,1429;
4454,4016,140,3587,6538;
5611,8558,4330,3649,9541;
7361,3418,8508,5653,7844;
1441,1647,1618,7511,1879;
9319,4188,2314,1126,823;
2052,7626,7158,2030,1531;
9613,8342,2398,1509,236;
779,2863,6778,6986,2654;
2262,9213,7292,6947,5380;
331,9350,6126,1078,4560;
502,5349,6588,9326,2509;
6997,8074,533,3562,4402;
6167,440,8148,2196,8238;
2558,3119,5322,9442,6414;
2847,6984,2649,5238,8160;
4462,2327,2707,3128,7920;
546,7462,3013,7278,3750;
745,1456,2592,4483,2939;
5846,5933,8486,2185,7773;
219,5460,7666,5866,6476;
6954,1903,9415,5771,9082;
4375,5324,1720,1457,1770;
503,8009,274,7111,5694;
8896,3339,6253,2735,9711;
4980,409,4010,4782,4310;
6066,3936,1883,4561,4446;
881,7698,446,2728,9403;
397,7119,2954,9718,4629;
2051,3934,7091,987,218;
5793,5774,16,9487,13;
3734,8906,9207,1820,8611;
3512,7177,1396,4909,3321;
6958,6455,3335,2156,7690;
8973,7443,6563,9931,4382;
3243,397,5155,2536,328;
8429,7236,7618,3517,4611;
7810,9189,7956,3066,4101;
7512,6216,5620,8609,4002;
1943,8528,2567,4358,7528;
1866,22,8630,8478,7306;
4022,2143,6224,6273,6225;
5251,3977,5688,8269,6675;
2784,3154,6073,7602,3655;
6386,7000,8704,8830,3536;
7036,2039,459,4232,2786;
9388,1731,355,2351,3521;
2350,2530,2562,3065,5965;
3827,8873,3429,2638,5132;
5255,3421,3953,1697,2048;
749,4348,3229,7795,5625;
1795,388,6301,3087,4972;
9316,9623,5359,6424,5945;
9943,6802,3031,4732,212;
7050,1601,771,8770,4137;
8461,8554,5593,5612,6540;
5477,4304,4403,7741,7994;
8127,9864,560,3214,4964;
467,9336,3797,2056,6355;
5090,1303,8725,8685,9058;
7204,3985,9107,4818,4768;
6172,2412,1469,933,2888;
275,6162,2031,1675,4720;
9752,30,3485,5056,5895;
5074,7125,112,476,1566;
8870,1759,7388,4919,5135;
9410,9427,90,8836,4465;
7122,1767,1344,5994,3761;
8653,2680,2118,7290,8869;
4999,3007,3564,3193,8689;
9648,3679,509,5000,6588;
4048,985,2699,8870,2279;
8491,6533,9556,7281,6455;
5566,9045,814,5664,2968;
4240,1231,5343,9819,3698;
5292,5052,6109,8507,4749;
3279,929,8374,1840,9884;
3371,3155,1516,7997,6968;
3493,9331,3458,877,5011;
7782,4371,6935,7763,5756;
2545,4674,7945,6264,1714;
4611,5,5719,8942,6430;
7243,2656,5687,8081,6672;
5078,1677,3328,2701,9144;
4930,9379,4368,2229,5357;
7455,2360,612,7808,295;
8774,8735,289,6343,4086;
8780,2925,2553,9609,63;
9543,7022,3263,7239,799;
8615,9508,1365,5545,9167;
8769,1676,435,2546,7992;
9108,6932,768,5414,5976;
6362,5276,4304,527,5194;
3684,5772,7891,1214,2952;
4026,2444,8821,6163,7864;
3353,9372,8383,2723,4717;
3222,9474,6593,7196,552;
1066,6603,8832,8247,7361;
7341,9786,1118,9680,7108;
8109,5217,618,6309,3355;
7014,5834,1924,4358,4493;
4715,4007,706,5784,9621;
7028,139,7959,5271,6903;
4516,9331,2089,3300,3594;
3504,2276,7302,1535,3492;
7283,9914,6471,1721,1449;
4798,4146,5961,9937,3380;
5357,97,8151,3416,8623;
715,224,6333,6592,2297;
9106,3628,1998,9183,5656;
3846,3524,6901,3358,4225;
3283,1502,6095,1075,9727;
9174,9537,8935,8551,1310;
7444,7705,5613,6622,2523;
9978,3666,4377,6036,678;
5905,6404,4121,5692,2232;
107,7654,4958,4920,526;
3382,1998,6241,8294,5402;
4302,3855,5430,3108,6608;
5952,9655,6076,4908,7494;
2273,7921,5966,1994,1863;
9199,9455,6323,2587,7876;
9374,9520,7509,8618,9325;
1335,7162,1387,3789,1567;
8209,3151,2539,1049,2839;
1193,7176,4835,3162,862;
5255,1023,3459,2534,547;
5839,5973,127,6974,8423;
4953,7397,9705,9218,7190;
4824,5388,6282,9593,3447;
2918,1390,3697,1114,3663;
676,7926,894,2825,7244;
9279,3650,6872,8248,3501;
3646,2688,6439,2068,8580;
1013,2754,1021,3880,384;
9050,9158,9527,8693,8322;
1705,6339,6452,8200,7642;
4084,4256,791,4368,5656;
9546,9123,8781,4883,6300;
7038,9345,2731,7686,1294;
3710,6220,3674,3387,468;
4318,897,8321,6669,1368;
7489,389,1351,6194,4469;
3098,3505,9082,1812,5242;
1262,6185,798,3845,5679;
6211,5578,505,2389,6160;
5770,459,4787,5519,3735;
3532,8329,537,8131,7960;
8162,4711,8762,9673,9121;
4530,786,9653,7165,963;
2591,9161,6899,52,4550;
8934,8441,9544,8325,9220;
7768,5023,836,8354,6470;
6602,233,8300,7603,9368;
7489,8083,4325,9590,8069;
8216,4696,3196,978,6147;
7534,3938,9909,3617,5972;
3565,6842,8046,7537,2747;
5424,3028,738,472,7719;
9916,3452,7935,4096,5079;
5588,6324,9336,2338,297;
1661,6327,3608,8904,2581;
4089,6904,3813,7305,4469;
6220,8857,7274,6634,1110;
1993,1679,6733,7722,2754;
9753,3893,2433,4501,1722;
388,5533,6631,3070,3365;
3022,8424,2556,8489,9794;
539,6602,6678,288,9949;
8048,6024,8904,2108,302;
1564,2105,7371,353,5409;
4033,4294,2599,5072,1945;
9041,2246,226,4570,868;
6677,1808,2487,3748,6950;
9382,6833,879,8742,5042;
6058,3786,1186,1270,8369;
4550,2196,7471,3512,7472;
5398,8915,1850,5490,7742;
8646,316,5777,8399,4044;
8643,6568,1019,6409,8278;
4002,8065,4366,4057,2870;
5119,9633,945,9395,9915;
7187,8286,8750,6406,5518;
7163,5589,608,9495,6283;
4069,5955,3432,2962,3575;
5908,9422,8804,4988,5124;
6200,5543,4558,2905,2489;
2049,2572,4896,4964,2310;
5445,6159,4136,8396,6386;
1479,5305,4807,8518,2295;
3534,5963,8319,5874,8305;
4185,2558,1064,2055,4615;
5277,9712,4995,290,6880;
2541,3702,2118,6214,3194;
3586,3773,4227,3163,7914;
9061,4821,524,7418,6365;
1213,8323,7248,7465,3033;
9238,734,3072,424,5037;
2566,985,9597,2000,3770;
6843,7207,2963,1009,2042;
9738,3282,5184,3613,4188;
5473,5466,7470,1897,5561;
4862,4984,8557,5780,3987;
5231,8701,3288,371,7248;
5969,918,6018,4203,1236;
5553,3607,6051,5595,253;
7289,9748,4543,9025,3167;
8476,85,6654,1419,6699;
1851,9464,8685,7267,6936;
3642,1733,5801,268,3371;
3753,1272,9191,3969,1383;
6675,952,2028,2738,4377;
5187,6559,5345,2502,3439;
442,3051,8734,1147,9644;
9559,6366,9445,9992,9404;
626,1747,8054,9796,1316;
5615,2388,8869,2954,8837;
3520,3460,1507,3150,7056;
888,7509,7076,3087,6504;
8060,6186,4856,8095,7789;
8987,713,4407,4593,7078;
6731,3006,9656,719,5521;
140,5771,9820,4044,9501;
1956,7787,6110,2585,2665;
9460,3876,2188,7922,1525;
7825,9084,469,7241,9451;
1940,4651,1429,1561,3494;
845,930,7103,68,8772;
4210,793,5024,7160,9009;
5135,4072,1618,1700,886;
7825,4505,8055,5666,6337;
625,7628,1661,3173,28;
3071,6312,3311,164,9416;
5135,430,7148,2563,2042;
8196,6033,5448,7259,7255;
8584,150,4889,9674,7648;
8433,5946,8971,9604,7699;
4374,855,4982,4696,1497;
8025,645,2052,8728,7465;
3857,4321,1949,3435,170;
4183,2010,5421,1293,2144;
7285,8249,7295,8219,5678;
393,4974,6279,9388,1238;
2995,7490,2258,4798,8808;
9079,2265,3258,6081,9090;
1764,4768,7412,6702,2479;
229,2417,7017,6996,3700;
17,6767,7535,7355,3615;
6932,8194,6869,718,1999;
8016,4771,6454,2762,9105;
6037,6746,4809,382,4119;
1564,5141,2802,6839,5902;
1532,5097,7641,9423,4112;
3699,2409,5439,9641,2128;
5879,3344,4607,9405,3567;
1845,3081,6144,7799,4680;
4052,553,4693,5804,4578;
4085,1450,325,5542,9879;
7332,1454,552,5916,1046;
4155,912,4347,9657,182;
278,5698,9073,1513,6402;
8206,8855,3460,1074,405;
982,4828,3897,6281,118;
77,1749,1596,4298,2267;
2703,5261,7558,9500,7534;
2761,6232,1269,4002,2642;
3735,907,1593,3021,7604;
7971,2196,8889,2638,8552;
1700,5824,9376,3979,258;
3233,7791,3963,1998,5973;
6716,6695,4138,8961,9907;
5568,9332,3726,582,6763;
5627,8190,8412,2350,9957;
3724,8189,7968,8984,5339;
1383,6579,3709,6302,9993;
8904,5142,4606,3741,8406;
5309,6285,7040,8570,6500;
7999,7375,721,9612,2141;
2635,4927,4086,3689,6247;
295,2688,6379,4155,998;
8532,2206,6169,1519,877;
2768,4882,9358,7810,644;
5605,66,133,9582,2961;
2197,9957,8017,7138,2298;
6577,8851,8895,5017,7207;
3411,1580,50,7695,7673;
5758,8486,3691,4065,9552;
6274,9786,4723,8613,7353;
2100,6477,2423,7125,3837;
4732,5286,8425,816,8104;
5803,3114,5689,6463,4417;
6116,7075,2967,1707,9777;
6482,9634,7450,3418,4533;
5793,1495,5162,9439,5090;
486,9991,228,9014,1299;
9228,4935,2526,1223,418;
5351,8968,870,3079,3953;
7892,1510,8692,4548,7859;
4851,5291,8943,9716,6741;
3828,2997,8125,9192,379;
5157,8301,1866,3319,8798;
5117,6760,5435,8333,4809;
1406,6042,6240,4222,3858;
4211,5247,7485,3031,4990;
3811,89,6183,7760,3099;
4980,5517,5918,4795,9077;
8287,1417,5237,1345,2307;
9506,2926,1929,1223,6540;
1555,1340,6099,3336,8443;
1218,7776,1092,1936,5395;
2294,8253,3105,6916,7487;
7910,6163,6478,5005,5392;
4080,6732,2542,9672,6548;
879,6925,8974,8800,8529;
6868,2732,2315,4729,7997;
1788,2261,3083,6321,3204;
7307,5458,9287,9388,2902;
4648,106,4946,780,3852;
8118,6049,1034,7834,1482;
2017,6513,5051,2802,4276;
4452,7177,8873,7441,2483;
3487,3165,4299,4156,1631;
1318,6518,2658,613,9080;
3445,2133,9155,738,606;
3428,8555,8885,6387,9849;
3689,9827,7676,4558,8923;
8888,4962,5016,7478,8027;
5349,5911,4847,9560,8185;
6330,4771,4490,9560,188;
6574,7488,3288,9882,2968;
6863,5290,911,6426,2956;
7329,8947,4413,9825,3526;
903,8600,8538,1056,428;
1217,7035,508,9669,9787;
2354,1599,4765,815,4690;
6598,4207,9687,3310,5217;
444,3705,8771,4694,5288;
8172,9322,317,120,6329;
3139,578,5311,3113,9943;
6180,5069,9336,6783,9023;
740,2950,702,8781,4571;
4899,1600,745,9677,5978;
6004,9870,2400,4080,4212;
5039,7684,9120,3587,9782;
2026,3496,4039,6204,3114;
6600,6610,7056,6278,7081;
8945,2409,1944,238,5524;
8871,5557,2189,6355,8938;
9611,422,7547,2185,7646;
8234,1038,9046,2185,7812;
1856,5237,3262,7023,319;
5289,4621,672,4363,5625;
5404,7567,9229,9504,8606;
9216,7663,357,7312,6337;
6774,8024,4172,7231,3076;
320,8615,2216,4101,2539;
7318,3258,2216,4638,1864;
1651,2520,1944,9862,3506;
3079,4946,4840,8467,5836;
3673,872,4435,7099,2227;
9502,1748,9320,4256,9324;
8881,3045,8014,8058,1396;
881,129,2492,494,6794;
3415,1177,1594,9409,2122;
1774,5549,9980,6541,8149;
5540,3655,582,495,1767;
8013,790,3401,2639,6836;
4179,929,1981,2730,5629;
4470,9161,3255,1993,5422;
333,3513,9171,2224,9420;
3682,2985,4902,1876,3324;
8465,4313,8588,8483,2162;
7962,3036,7590,1541,5570;
908,8778,3596,4645,6197;
7880,4197,8234,7598,2776;
7356,4349,3534,7398,3430;
2633,8247,873,9816,6025;
1134,3213,9985,3015,4367;
1607,5995,9202,6894,3730;
4212,2308,4643,9459,990;
1353,3776,1869,1272,9492;
8579,8570,9572,5341,4827;
1039,6789,7717,6163,3481;
3849,542,7396,5554,4290;
690,6354,4400,9386,7868;
9975,2097,2474,8219,7431;
3275,5185,4815,6698,3430;
2464,9405,2888,3816,3973;
5320,2246,7073,1456,4229;
8922,143,2408,5290,3970;
2105,9124,2834,2198,5497;
1364,8214,3620,4103,4829;
3714,644,733,3647,7759;
6869,499,8865,6344,1018;
6255,7773,3234,4634,9298;
4437,3674,3722,6860,1277;
5408,7295,1029,7565,460;
8174,6802,485,5704,7367;
8599,7282,5956,5097,9307;
69,4998,1163,2765,8899;
4137,3682,3924,3735,6894;
5270,6677,2645,1945,3468;
9,3391,4541,6767,6703;
2331,335,7381,4189,6000;
8474,3507,4231,9278,4772;
1366,9019,7722,1047,2144;
4205,5904,7389,1456,8398;
5836,3535,8127,7240,1429;
9675,8589,3081,3033,9117;
7232,8774,3900,5235,2745;
527,9496,1216,3975,9198;
8943,9466,673,2016,3108;
1638,3898,4627,7502,2259;
3487,4037,2161,7720,9719;
633,1033,1091,5894,3823;
9889,6808,1045,4624,4900;
7973,3193,2798,7248,4230;
1239,3052,2378,671,6534;
8070,3806,6261,5086,8478;
6336,4110,2567,7758,3749;
1106,5143,5515,9416,8102;
320,4712,3258,4705,3173;
6070,3229,2815,9162,4643;
7377,5543,8968,2143,3061;
5084,6667,2715,2438,436;
8023,4482,3602,3084,9823;
1140,7480,8319,1221,4632;
8734,1244,3759,8692,609;
4831,5690,694,8551,5070;
222,332,8018,5899,9077;
4371,9049,7933,1504,2096;
2448,3430,4741,977,1522;
3081,2133,1124,1406,9259;
4905,9537,5857,8914,9001;
276,8493,6396,5112,1323;
670,6268,3205,5978,5735;
1247,85,9547,8979,6179;
9119,5996,5501,368,3503;
3131,5733,723,1251,966;
2043,7868,9820,6284,8366;
9801,9235,9679,3040,8464;
7641,1122,5915,8966,7779;
8664,3594,563,6668,8455;
9594,256,6609,8233,5720;
3045,7837,5858,2775,3467;
4994,5163,5598,5735,8634;
4703,3065,1290,1490,3068;
9106,5199,8558,4717,1910;
9050,8371,6772,3060,2780;
5659,6384,3296,7312,594;
1232,3119,9306,765,9358;
8083,4718,2240,3441,3989;
2795,4028,9899,3746,3593;
9062,1127,3732,1660,1738;
3981,7653,6652,6705,7602;
398,7012,906,1413,1064;
7166,2624,280,7642,2189;
7465,5196,5159,9685,3140;
6724,3913,2078,996,6438;
1378,6201,1610,6555,5157;
9199,3678,927,107,1585;
3102,1164,5028,8426,7447;
7185,2310,7283,7871,9775;
4755,2008,5585,7462,6636;
178,9843,3054,2033,3061;
2650,4580,1790,5802,779;
8422,4150,7864,1803,5433;
5854,7827,1301,6152,4186;
2100,9932,6328,7093,998;
6296,5760,9998,6307,3354;
1598,5170,4655,269,6439;
4282,3371,7186,8326,2640;
1359,7648,6882,5713,8662;
3631,2447,9285,7331,6330;
1274,5296,2325,5962,4656;
5135,3190,7572,8003,4094;
7386,1131,6760,790,4589;
7008,6503,9087,1955,8084;
2820,3208,7416,3052,5999;
9590,2639,6266,2314,3204;
8951,623,6962,2060,733;
9454,5511,190,5487,9249;
1555,2596,8251,1700,2705;
2725,8468,3954,9946,4689;
2707,2954,722,9392,8406;
1714,5553,521,2753,8953;
3499,1256,7824,9164,4258;
4738,1788,7285,2210,153;
3224,9853,9279,8908,2202;
9242,3369,5436,1532,7561;
2402,7030,3366,4577,3583;
6766,2413,644,7098,5576;
557,1989,2295,4756,188;
8733,867,341,4250,1400;
1517,5376,7023,2991,5717;
4220,9944,9320,2858,5688;
275,1653,6478,4423,5170;
7564,561,5622,2104,5740;
3664,6358,6026,7456,9499;
3553,6732,9127,4319,9373;
6001,6838,1407,803,2708;
7893,3950,391,8903,3801;
7293,3995,3710,2983,6349;
5584,7206,7238,4345,3055;
8688,3376,9782,9312,6981;
8970,3804,7356,5008,3484;
8059,342,7417,5054,4455;
8791,4097,2816,5748,273;
6313,2360,9152,3626,7510;
8359,2254,9162,21,5520;
1920,5307,6562,5200,5755;
7933,8101,5997,9852,5546;
2630,4834,70,7204,8019;
8310,7797,2587,718,3786;
1472,2274,9270,2638,3350;
3141,6982,5218,8261,9555;
6391,5291,5195,6832,1168;
9435,5612,3913,7759,4877;
9791,1751,7097,5599,1152;
3186,109,2954,1465,6977;
3850,2196,675,3659,8061;
7513,518,1705,2949,4926;
8575,5686,6695,6003,2446;
6803,6455,2291,1341,4886;
552,2814,5372,8933,1058;
7499,2576,9743,3274,8249;
4696,163,8237,4419,4916;
9656,8064,9248,9822,7966;
4565,8519,5551,7018,857;
6894,5145,243,3673,553;
1068,9855,1137,5631,9407;
9954,9825,8532,8360,774;
9036,2664,4315,3641,5536;
8419,3674,9112,1875,9660;
8418,3704,3503,3367,3040;
7431,283,1533,4490,6221;
8025,2290,4515,3936,1031;
9429,8089,3848,2693,8108;
5707,7166,9608,1728,3402;
7997,471,7666,7644,5331;
8642,7256,4182,3424,198;
7053,6315,8448,3140,6326;
8260,5158,8752,6661,8005;
8452,8558,8831,9382,328;
7304,4382,8310,2965,8033;
815,4046,7644,4492,8544;
4905,7127,1070,5137,9664;
4540,5137,7678,5101,8055;
2529,4827,4136,2342,8997;
5476,4616,3611,76,817;
3778,4197,3556,6299,1651;
1665,2298,6390,9997,5944;
6999,8918,4259,6435,1950;
9276,4326,4699,993,1334;
9637,5356,3692,2604,1517;
9336,5498,3382,1273,4598;
88,6184,1714,266,7643;
5209,864,5866,1863,5297;
9659,2251,5801,8138,4425;
4804,3953,3907,2125,3992;
3502,6425,6929,5752,8021;
7385,4119,9127,3707,5079;
7677,2710,1723,1241,5619;
4795,2183,1203,618,6506;
258,1477,3181,2360,7146;
6269,1850,3630,5767,9660;
8584,4783,7020,3789,4864;
2505,2764,8841,6530,7013;
5909,8270,5142,239,7202;
2797,6195,2990,7278,8334;
1475,1781,2301,4502,6356;
666,6189,655,1337,9923;
5220,835,6461,4457,8397;
1086,9665,6779,3441,1116;
3799,9536,3305,6772,4779;
4768,68,2905,8409,1482;
1117,8896,8257,5872,2500;
1919,8255,1007,8586,9006;
9013,3453,2694,7119,3458;
18,4824,9434,9034,3029;
1957,4854,2344,468,7972;
4924,9690,7151,3312,6828;
2086,4671,7675,1242,7080;
406,3789,3673,62,7159;
7309,3397,1651,9750,5677;
649,3620,7895,5427,2238;
9986,8430,9796,8604,6548;
8014,7766,1092,467,315;
8985,8905,2412,1450,8637;
9583,5172,2246,4218,2606;
4794,2925,5009,8613,2275;
5928,1742,8629,8450,484;
6046,9377,4736,142,1456;
703,8673,1424,4104,1096;
7810,68,5691,8162,7715;
9122,494,946,9946,5165;
7038,8031,7030,8515,9412;
3700,3740,2708,6529,3400;
5419,8215,2728,1514,7948;
2988,8338,6780,9214,992;
888,8116,7628,4982,149;
5242,6654,8522,6701,9058;
4515,3945,9958,8962,2250;
3543,6002,1970,824,333;
5059,4220,2330,1311,6298;
6458,3545,4550,2617,2981;
7514,7661,2449,502,4410;
6666,4988,8278,211,717;
7289,2315,8028,6927,8688;
1284,6464,4765,7632,1300;
5431,631,9002,8,9313;
9657,3525,7199,4703,1591;
5545,1962,2377,4978,44;
1429,9726,9120,4105,3424;
4689,8542,1831,2930,5284;
4818,5687,3777,6210,4626;
946,9373,8733,2013,820;
4088,1617,2128,4008,7343;
5035,3726,4324,8773,9457;
5267,7794,3559,6043,7438;
9696,4348,1670,6741,6410;
6444,6820,1969,2285,8385;
8503,8090,6499,3838,225;
6189,6677,1156,8826,489;
8729,1503,3201,129,6282;
4282,2433,2311,2545,9993;
6313,9455,1652,1639,4402;
7010,1325,3559,678,3666;
5313,4166,4565,3997,7652;
6519,1174,5246,7395,2029;
8101,6225,8820,8429,6755;
3691,2665,6454,816,3668;
1386,4238,448,5820,3544;
2813,8191,9569,702,7816;
8894,5323,9745,3455,3329;
8359,2364,7920,6744,1103;
6280,3916,6384,8832,9544;
7725,2907,1827,6405,7149;
1013,7696,4775,3947,5087;
5132,1243,1132,4049,218;
2453,9830,6833,4542,5240;
9530,1803,9181,6306,4185;
8524,7094,8413,5176,7393;
6308,3413,4817,5991,9733;
6181,1437,1075,7099,7194;
7749,3502,9289,7259,8874;
5930,2763,9267,3658,8919;
8100,8633,8654,3246,9545;
5486,1114,3795,9394,494;
6973,6730,5617,8895,9356;
6521,2875,1475,7257,5324;
9346,6413,764,5058,5568;
7265,6879,2189,5300,9633;
6610,6576,8649,3632,4707;
5104,9869,5247,7037,1158;
9033,6803,5829,1379,2307;
9633,3738,7647,5081,3031;
2352,6060,3856,3570,7265;
5346,7906,1355,1777,4792;
2476,3808,1993,8920,6175;
7936,9492,369,7844,8620;
1716,8927,8978,5006,4987;
534,1465,450,9162,4058;
3937,4300,8489,3917,873;
7593,3730,9687,8871,7771;
2131,464,6448,2725,6221;
2048,9539,7675,1549,8705;
6001,6865,485,1747,5069;
3377,966,405,1203,7370;
1440,1197,505,8336,9102;
6230,5402,7550,4449,1997;
970,9917,606,7767,8642;
4849,67,9528,7741,1118;
5493,8362,2768,5984,6247;
7521,946,115,8289,4940;
5685,1887,7826,5028,7411;
5040,2858,2133,626,2702;
4319,623,1897,6004,2149;
7114,2455,5094,5469,4814;
3697,732,492,8838,3291;
3327,3222,5434,3938,8547;
3876,8348,3519,5439,7783;
108,1786,5449,9292,3117;
5998,3888,3033,2981,2833;
8938,94,587,3131,7639;
7608,1269,6263,3552,1162;
7143,7119,7738,375,4927;
888,9733,2346,1981,7356;
7494,3393,8641,1412,4723;
3493,6410,2573,2262,5923;
2294,321,453,7659,4602;
323,9846,7762,1546,4763;
2674,6964,2726,5625,54;
2812,2024,4907,3194,9977;
7570,7244,671,4659,9656;
5685,2648,1056,4279,7756;
1806,319,5372,6515,5807;
840,1005,1365,2686,885;
2667,3681,4704,7513,5939;
1421,1314,905,2205,7924;
460,4384,8129,5647,2246;
6341,6722,1930,6702,717;
4649,9199,3718,7014,1514;
3945,4660,6142,7690,6862;
9083,4856,5520,5172,5614;
9355,4744,5925,8618,617;
7259,756,6000,7576,7464;
8370,7140,3943,5201,3326;
7041,3759,5696,8234,9320;
8208,5616,370,2604,4887;
2968,2582,3724,8633,7422;
58,5186,5676,8051,7107;
4267,2982,3706,7225,7474;
5582,4143,3846,5195,4138;
4627,7790,1863,5968,5176;
6283,7270,7961,8511,506;
6915,3115,5601,4184,8920;
7281,7117,2941,5045,2266;
2245,6389,1185,312,9657;
6026,9567,142,7210,3766;
3992,3865,4563,7487,612;
88,1043,8938,9848,2032;
2389,9480,5561,1582,1724;
3784,9255,5365,599,6116;
6396,1128,4552,3132,9764;
6899,6196,7204,5240,510;
8122,5677,2728,1038,312;
9220,566,7344,4148,6867;
4061,2,8384,7873,1631;
4166,1752,6047,2147,4532;
254,2661,6412,2434,6285;
9107,5007,4654,4020,3984;
302,1255,1520,1885,6669;
1518,6988,3643,9661,8789;
6433,6347,299,4438,5379;
1538,7847,9220,4336,1561;
4069,9825,7343,7663,8377;
1360,4151,2832,2407,2774;
6156,6438,5681,3942,3537;
2455,660,7594,5832,2108;
6580,9623,323,6999,1666;
4831,5065,5528,8668,5839;
6035,4162,4140,2398,7562;
4153,9698,5769,383,8253;
6309,3954,6990,721,3187;
5648,432,1583,2439,4834;
4412,8380,5724,3637,6147;
1900,140,1343,3385,5872;
4365,5392,9293,9877,3388;
2167,4333,1158,4618,9576;
2589,7491,6467,2075,5610;
3875,246,4163,202,5476;
8894,7107,1963,3728,9881;
6515,9684,8295,9282,5459;
350,3663,3978,1239,6290;
5413,1300,3900,7462,6335;
8355,1532,7327,4062,2990;
4615,5437,1882,6829,64;
3375,6159,152,2563,2314;
6938,2047,7327,990,7023;
8053,4879,4487,6519,5417;
2232,62,3134,9258,6938;
8177,214,1308,6522,9016;
463,5249,9788,8286,1169;
1902,6663,6916,2468,8231;
7977,8984,9987,2772,8936;
7322,8816,2946,218,5803;
4656,9102,7019,7850,3870;
8212,1542,4432,4426,2345;
7229,840,315,1975,594;
8912,3537,2216,3406,57;
926,5537,3659,6464,415;
1718,7475,5910,7329,8694;
8915,397,5879,5080,1716;
6323,554,5554,8154,74;
3890,8799,5544,3552,6360;
5941,8441,3503,9994,9911;
2454,1916,9379,6439,8140;
7154,2201,3060,3719,2970;
338,9809,4046,754,9558;
1529,5412,5611,176,4203;
8689,1343,6088,1598,7081;
8611,5472,1413,896,9483;
2541,2731,5453,1837,2601;
724,119,7347,4499,9482;
6860,4683,5435,3889,1461;
4343,766,9723,5731,6100;
5936,8425,9952,7638,5348;
5364,3188,358,3292,6218;
2478,2832,5077,4096,8885;
4209,9189,1539,2436,3550;
3022,4288,8042,2692,1201;
7338,1080,1570,2467,3928;
8014,1683,1585,9712,9320;
2188,7641,591,3633,7310;
6462,7006,3291,1628,4240;
9846,5243,8807,6651,2625;
7067,6171,4859,2518,7395;
1627,7316,1759,9750,9544;
4252,4710,1252,8555,3466;
9329,2378,5672,7715,6804;
9214,2018,6635,4465,4560;
8740,5387,579,836,8975;
543,7980,6963,9723,481;
565,5730,2468,9935,2959;
1918,4024,463,3933,207;
1882,6102,9241,7229,3359;
5562,2913,9051,1986,437;
9276,4906,7783,6037,7671;
7986,427,6445,6545,4385;
4530,4609,3479,717,1028;
1382,4942,6144,3315,3112;
4526,7486,7971,65,1509;
3431,5250,7716,8801,4351;
9095,2229,79,5935,7634;
6392,9821,2866,9637,9724;
5513,4647,958,2612,2851;
8341,1188,2777,3819,9469;
5635,2275,9977,7760,4778;
3468,2601,7044,7023,9719;
5978,3325,4889,2002,9835;
3188,3879,7473,1180,9711;
1441,8161,885,1425,112;
8779,9837,8674,2164,663;
2734,4817,9429,9882,9287;
6767,3687,9323,2999,5342;
5160,9606,4270,1905,3564;
4703,7339,8460,7620,625;
1970,5614,2178,7989,4587;
6193,3082,6215,1055,1561;
5212,4718,1534,960,6531;
6590,7035,5272,7038,2603;
6314,7248,2072,5076,348;
2317,2654,6918,6395,3361;
9152,8800,8299,955,8055;
8746,9419,7533,1838,3717;
2473,6781,6260,5323,3739;
3416,7300,8685,9810,2483;
4258,9194,4397,9111,9945;
9378,8263,320,5153,3056;
5942,4702,7938,1458,5145;
8728,7092,4050,6048,5259;
8736,1194,5961,3575,7920;
4662,9216,2304,1793,1025;
2053,730,4288,124,1207;
2249,335,4579,4477,1913;
9434,8247,235,8846,6240;
1485,7868,9552,7472,6676;
4590,4215,3686,4192,3607;
6002,697,1597,9044,4586;
9069,8967,8722,7498,5519;
203,8617,1361,2500,2459;
3419,1129,2598,187,9891;
8750,8181,118,9627,5123;
4634,4279,6992,1900,2206;
8631,4837,1346,3061,5645;
4275,4153,5906,1034,923;
9458,7257,6221,9631,8006;
8650,9508,3550,5695,2692;
7739,1012,2880,3286,7321;
6140,6349,611,6182,2877;
5109,7998,511,5093,8159;
8781,3734,8251,1495,2164;
8846,3790,9540,7804,7173;
9686,4903,9108,3230,385;
9646,4923,139,755,2846;
4345,4247,4201,5575,1149;
1244,5318,5200,9578,5097;
8764,6683,5430,8068,4407;
6066,5646,9056,3154,3533;
709,3132,6574,6558,8245;
5073,9539,2469,4335,1838;
622,8182,1927,5158,8432;
3241,2449,5861,6555,3096;
2794,9688,2113,3285,7672;
1079,9067,8392,4470,3686;
8378,1215,7334,2103,7229;
5798,4765,5207,3335,2503;
3057,7951,4116,660,3001;
3460,6450,8528,3613,3773;
4676,1623,7792,81,4910;
5795,832,8453,2574,5193;
7663,7383,1414,304,9843;
1934,9877,4,6651,6612;
4051,8359,3793,5958,3377;
4163,8395,3214,4415,962;
4352,2023,3066,3261,2735;
1718,7096,9720,8071,6098;
1079,3602,9702,4564,2429;
8904,104,9627,7137,6280;
2255,6027,9638,3981,1471;
7473,5934,3612,8029,5881;
6857,4105,2395,1427,9329;
9675,3544,2366,2633,4092;
8236,2891,2176,825,1720;
3146,9826,1437,9785,5736;
4613,3782,5178,3216,4793;
8713,7170,6846,555,4737;
2679,8145,1933,3127,8733;
3525,4060,6260,5311,6474;
4886,3908,6832,5687,7532;
7899,3446,6014,9070,9430;
707,609,258,9481,4661;
3418,1055,4843,2138,7948;
7911,8092,9709,8803,5215;
2356,8927,6832,4769,6786;
9638,8882,1211,5154,7645;
9285,5156,9155,2105,9822;
916,6450,7889,7521,3197;
690,747,9385,3080,9323;
4048,6652,8822,6394,3230;
8534,6471,7737,5045,3750;
7792,2543,7505,7546,4780;
4617,4252,6454,1188,3424;
3642,323,261,2941,3876;
7121,9335,8068,7225,491;
5660,8416,9261,1092,1899;
1908,6537,8412,9603,7650;
4900,2192,9664,4222,7078;
7590,1390,5413,6327,7490;
3906,3357,2722,4661,1786;
5861,4699,3947,1084,7794;
1875,9853,4344,4717,9158;
5143,7380,5816,3279,5453;
3572,6039,1683,2384,3204;
9430,3717,8093,2424,113;
278,6953,1756,6546,2726;
1038,4284,4557,1491,1134;
4476,4682,7375,8554,2259;
3043,1989,7605,958,6172;
3397,4119,4596,938,5377;
5955,9129,8509,1182,1697;
7004,2364,5380,6079,2433;
5540,1395,4172,5515,1056;
295,4262,2688,2104,3538;
5679,43,2003,279,7986;
8732,1844,2598,7528,6125;
8807,9586,5375,4101,7773;
9198,1635,7135,4745,1131;
733,7310,9022,9457,837;
7845,5485,5711,2251,388;
3729,6716,4149,8089,7032;
7322,8552,4396,9927,521;
4092,8589,3830,6673,8953;
3298,7860,4775,5044,774;
1177,6546,9742,39,9439;
2042,4479,3536,6383,8845;
6463,5530,142,1853,2412;
2476,8540,3105,7816,5048;
8215,2409,8806,7861,9029;
9275,7393,1696,1106,2260;
1949,2664,4563,6264,2001;
2410,7463,3255,7583,5677;
1566,6817,5618,7133,700;
4408,8765,3279,8522,9506;
2797,1440,1440,3693,7666;
7780,8679,2801,5131,698;
5668,5893,1491,5749,9497;
2922,7467,591,9733,7788;
676,6337,9358,9676,6610;
2581,338,2505,9273,3614;
6341,7006,1965,8982,166;
1983,1231,1595,8186,9903;
1394,3985,9072,4846,9533;
3547,4772,1483,1282,117;
3732,9316,1218,731,2859;
9553,5059,7211,8099,8185;
3784,9553,8083,632,7538;
4989,659,2787,4050,9080;
8957,3905,8481,9412,4516;
1126,7427,7663,3505,9538;
7179,3138,4463,3302,1947;
2575,5904,1624,4564,8941;
9762,1823,6696,7103,1485;
2526,2080,1318,6699,1947;
7622,8846,2941,5401,4365;
3129,5778,6954,4866,2869;
2857,7257,6565,2796,1938;
3855,8691,2894,1001,677;
4213,8802,1707,2214,3883;
8546,3249,243,6280,4619;
2719,290,4935,7110,358;
1720,3168,983,3802,1152;
1356,2247,4269,5412,1495;
8746,9700,8429,9775,1712;
7632,4063,3018,3311,597;
5904,6658,1153,7378,3215;
8864,5437,6755,5542,8481;
9851,3142,8312,3932,5584;
2343,3707,5035,6398,9694;
4617,4559,5871,6962,297;
9274,7128,4942,1401,3942;
7849,8638,8893,3587,3414;
5468,8371,2267,2735,2430;
7847,7073,9433,9587,1348;
7068,5095,6874,5182,8320;
1308,436,5360,986,7018;
2355,9975,5637,4982,6961;
8624,3943,9613,5399,3129;
589,8328,1736,4216,2815;
9556,6983,8805,6684,3555;
7712,5209,7205,3208,4744;
4457,9414,2980,7550,1558;
1084,560,7058,4219,4677;
834,2966,4674,1425,1513;
7429,5465,9909,2641,2181;
6856,301,4328,4713,6296;
5791,9159,1893,7521,8519;
722,8167,8946,1324,6668;
6476,2150,9420,3311,3011;
6822,7763,7570,754,5750;
245,9514,2253,615,665;
1906,3742,1045,7973,8735;
3836,7346,6754,6644,4049;
5338,8440,1146,7870,1604;
5118,2011,4366,1833,9403;
7464,5244,1668,8935,7747;
3056,7670,4452,659,8060;
5121,4519,9150,5330,6538;
6726,6518,9531,7772,4989;
2981,4914,163,9899,2644;
2182,4607,8355,5888,3541;
5819,4750,2055,280,7383;
2671,730,5401,307,4305;
389,9795,9657,8989,7100;
5776,7988,4306,2323,8618;
6967,3113,6573,5875,5711;
8161,5291,5095,8134,8154;
546,1573,6335,2504,1199;
65,3100,9556,7996,211;
4502,3326,6777,6131,8541;
5796,3213,2221,6486,605;
7879,5192,2028,4514,607;
6580,4328,1042,8836,7352;
6567,1648,6465,6709,7627;
7027,3446,6987,9180,9016;
6684,7453,7157,5362,4022;
200,9087,9709,5585,1315;
9764,4757,8378,6956,2276;
7902,3889,8501,8571,6325;
5929,855,4455,7864,1953;
9195,8517,3845,8498,5734;
2482,8495,7464,943,7670;
7867,5267,8714,6530,3198;
4191,2131,1517,8567,775;
4451,9163,4328,5615,6944;
1537,3750,2519,2349,7283;
4563,7192,9736,2838,9502;
380,8947,4899,9438,1897;
6990,5097,3286,679,2801;
7159,4023,7942,8790,1914;
836,8717,2397,6966,4101;
9083,689,6641,7272,4918;
6573,8382,592,5093,603;
3075,3782,5135,7821,988;
8001,2790,8216,3501,1253;
7167,9064,6838,3681,236;
248,7442,3603,9682,2952;
7817,1217,4781,9993,9460;
3964,6333,4812,5540,1659;
7056,2037,2889,7986,2076;
3478,2143,8900,2344,2094;
9914,276,5303,3263,8436;
1188,2058,5851,2024,617;
155,8463,482,6454,4702;
3928,2145,7796,1122,1210;
7079,9923,5788,5493,9594;
2912,7900,3762,7177,4573;
1477,1254,2443,925,2110;
4143,6293,563,278,8064;
1018,3694,9597,8224,9299;
2177,8765,5867,7118,6191;
2699,9508,4113,2059,4446;
9244,4774,6574,2816,2726;
5052,7316,8818,934,3564;
7023,1206,2959,2633,9547;
898,387,6513,4895,4332;
2772,4215,7354,4790,2892;
1666,8892,1592,4078,6979;
4064,6033,5496,8738,1226;
4237,5726,5393,7506,8821;
3128,8320,3576,391,6685;
528,8997,2220,2937,5639;
2392,4838,7675,3709,7696;
2418,8509,9060,1401,6398;
4533,2163,359,7615,6693;
4240,2781,1514,4817,5978;
769,5027,7089,8197,2962;
6333,8177,5046,2037,637;
2604,6934,9199,4043,5753;
2347,2370,5631,8358,6412;
9215,3119,6916,6017,839;
8424,911,3173,4449,1322;
388,5823,4345,9631,2801;
8989,804,2370,5487,4230;
5391,2120,506,7835,7575;
8675,3333,3134,2008,1553;
54,9329,9762,9740,832;
9087,6674,7952,4123,8481;
1785,7197,3597,9840,3730;
839,3112,3902,4277,9726;
3481,9542,4502,977,8387;
6799,1227,6426,628,7847;
6341,5463,2261,3791,8186;
5328,8389,1852,8392,8085;
9756,690,739,3227,122;
4759,6844,5295,1098,161;
3088,9089,2643,1464,1161;
9305,3680,5448,2694,1254;
2579,1077,1957,9728,1528;
9365,6034,6610,5783,9005;
4434,642,7218,6877,5941;
8997,6829,6633,9886,5312;
4766,2817,6618,901,8601;
7161,7906,7100,9775,8374;
340,761,9731,2975,1381;
4406,7053,9272,8931,8267;
9902,8142,7824,2030,3354;
7161,2157,1786,1022,3723;
8617,8642,5922,4712,6149;
2449,2895,2015,8025,4102;
5893,1080,149,6950,6132;
2170,751,3537,5971,9183;
5677,6597,8275,2707,5685;
648,3509,1799,2051,7650;
9954,5478,7331,3660,2521;
9482,8957,5331,6821,1205;
3074,346,4548,5613,4634;
8821,39,186,7334,41;
6230,4246,116,809,926;
3836,3680,4985,9778,4140;
5057,9295,9589,9537,8328;
9550,41,5106,8602,784;
3467,6564,2248,5316,9809;
8405,1442,9888,1564,5479;
1078,1563,7710,7635,3519;
4025,5194,3769,6393,3873;
4498,1968,5294,7855,5153;
662,977,3934,3714,8722;
7600,8388,2421,1448,4840;
7226,8913,6848,2464,4866;
218,5712,3543,8603,4023;
2544,978,896,9786,750;
9499,2226,8625,3731,6450;
9221,7376,9980,6985,9891;
5724,6697,2004,747,29;
9659,3345,90,5978,9006;
7764,6215,2751,4445,9569;
8151,1061,470,9128,6540;
1468,7206,9459,4017,9835;
2355,1062,648,4852,5567;
9695,5450,3173,2572,3831;
2886,1927,3976,9368,6170;
2893,2451,1981,5325,5544;
1297,3413,3874,6105,1352;
4288,3903,4692,3405,6081;
2993,9225,9983,5989,2560;
4982,7012,3228,6752,3957;
2429,9134,8534,9336,6071;
6606,2711,41,4151,6676;
1955,7974,9033,2344,3335;
2002,5868,9185,4407,4829;
1387,73,6090,8070,862;
9179,9543,2268,2996,8548;
4507,4656,7640,6626,2768;
2930,4292,4703,1252,2215;
4244,6896,3935,3363,6457;
6001,5272,7223,281,1984;
9031,94,5790,5628,7130;
6370,8692,6322,7009,9351;
6705,9547,7263,1375,2562;
4517,3890,9489,1187,199;
5840,9920,3657,9034,1726;
4368,8916,3084,2350,3289;
3672,3877,6159,8556,5236;
7670,9068,854,7578,737;
8189,8874,9691,7649,8724;
1736,4327,2240,4469,6606;
1261,8074,8552,4324,5774;
1714,8122,5762,8410,1053;
6118,6235,9590,6544,9450;
5938,4349,7503,6912,3047;
6002,5234,9518,7976,6816;
6476,266,3236,5066,6563;
4494,7612,7427,2558,267;
1990,6324,9072,9196,5310;
6405,1448,5891,8134,3369;
8521,5339,2212,5553,7600;
5661,2813,4024,9749,4332;
6595,2195,8393,386,9601;
5952,8138,7084,8430,8385;
6679,1937,984,356,942;
3747,6831,397,5009,5304;
1174,3861,1164,1228,8151;
1346,6831,724,7938,5608;
5269,2730,3752,9367,9641;
5398,2832,2040,6980,5989;
7152,9208,2193,3201,4754;
7100,6917,9944,4637,1090;
3561,7402,7293,4699,5150;
7876,5907,140,691,136;
3276,5274,35,2770,1665;
7673,9417,8812,4480,5044;
6486,556,9256,908,4783;
3498,4270,7309,1190,2206;
32,4425,6131,2595,966;
5580,6461,7605,5834,9883;
7409,7311,9024,8743,6816;
8389,5099,5264,4055,836;
1169,6103,984,5547,6860;
1107,1184,5860,6806,9493;
8296,6627,544,5745,9395;
534,6959,8692,8471,4802;
2663,4708,6784,6787,3795;
6841,3805,8815,9676,4287;
1529,6581,5076,2886,3902;
3517,116,8271,6747,7924;
545,2149,2286,1879,3358;
4602,4500,1001,6454,768;
6097,1345,4760,1558,3585;
6755,5985,2591,2811,9906;
8439,9921,5326,4813,8037;
4503,7712,3129,9091,8651;
1156,7067,775,6709,7046;
7344,9754,6673,5259,5836;
9806,9507,2802,3587,6538;
3082,6950,4199,4180,382;
7220,8919,6,8853,8081;
9136,1888,7586,7672,5358;
4738,8658,9377,544,4058;
3934,47,6090,5206,2386;
435,3416,1711,5087,3670;
8756,447,1549,3379,4418;
4765,3959,8596,1538,6995;
6149,5755,4403,4506,1366;
3153,626,5860,8085,6919;
6027,7902,7113,1199,2389;
4311,5854,9094,7526,9620;
30,8817,3057,92,4222;
9673,3231,9791,4039,3572;
6757,5709,4794,6811,7657;
8921,5774,1625,3058,9283;
3842,3033,1408,1178,8478;
6667,7890,3320,7897,256;
9494,5124,2452,1661,3933;
9826,8741,7971,8226,4998;
1281,9423,9571,3346,3318;
7520,9697,8311,418,1792;
2319,1505,4255,4407,4453;
224,4291,4998,2782,6565;
1947,7588,1280,7320,3473;
7251,9050,7255,9763,2909;
9219,8968,5609,165,1340;
5910,1932,6654,2820,6399;
7986,1872,5677,1882,3609;
408,2146,4890,9045,219;
3562,4042,6596,6642,1549;
6797,7072,3318,3063,2432;
8144,1054,7021,2818,4768;
1112,7787,6392,423,852;
9943,8847,508,1447,6020;
7612,3999,2633,2748,4368;
3346,1333,8427,8517,462;
2944,3735,324,310,5610;
8969,3264,7846,6374,9403;
1004,4930,4949,8992,7124;
5118,8220,2383,8971,3171;
7987,4669,5365,328,4655;
2134,4467,9580,2064,468;
1095,7344,5770,6246,9138;
9277,960,9925,5326,5859;
7001,441,5661,76,4459;
2458,8294,2384,9668,4166;
8306,7294,5392,5916,5893;
6077,1577,5446,6039,9739;
3744,7547,5740,996,5154;
4731,2526,8719,3304,2759;
1022,9458,1283,3473,334;
6669,9364,9383,6426,8261;
9997,2761,7631,7368,8550;
4674,7083,2554,3725,4653;
2505,4673,1609,7269,6019;
1881,2109,4469,2279,7184;
2952,2893,6782,1322,3328;
5686,2021,6234,2317,3039;
8601,7341,6362,5406,7978;
4394,693,5384,844,7704;
3547,4056,1503,1915,4029;
1935,6591,2397,69,2054;
3434,337,3342,4113,3526;
6853,5964,8729,3428,4585;
8919,6601,4791,1197,3498;
9785,8877,1474,5754,5631;
6955,4235,8937,2315,3219;
8464,8534,1096,9562,1905;
4618,136,4514,477,6646;
6877,8382,2849,9866,1953;
3664,9006,1999,1996,3139;
1856,4936,6898,7300,438;
8164,594,1712,5883,5833;
3514,6857,1922,2288,5880;
954,4250,4823,6459,5175;
99,747,2776,1838,9282;
8308,1541,758,9890,2702;
6739,2760,9935,5222,7356;
5019,491,2359,8623,9529;
7818,9041,9344,2262,8061;
6860,2172,5481,9665,8817;
5714,226,9679,4732,1530;
7421,5875,5781,708,5266;
2440,2842,3012,803,9056;
4066,506,1804,9440,8943;
9435,1114,76,6172,4201;
3819,573,2761,9052,8590;
4621,8168,3570,1725,1573;
1428,15,7231,8496,3419;
7462,4452,7328,5919,4543;
8204,7894,4384,6678,8808;
8260,1947,8721,990,7262;
3941,1307,9040,5756,2766;
7583,3978,9772,129,5687;
6721,8007,9332,5500,7646;
5163,6201,608,3967,1790;
4973,866,1281,9226,3566;
34,6775,4440,5915,6438;
6490,5106,1878,9349,4800;
5448,8121,4021,475,5202;
5506,649,660,5506,666;
1930,7812,2120,7744,9122;
1209,4894,5731,1871,9006;
8739,8794,4919,570,8828;
856,7106,4420,2725,7707;
2569,7130,3655,2501,6101;
7195,2476,2681,7431,6776;
1284,2882,4733,1704,3612;
6355,7124,4584,2552,2004;
3329,3211,9630,6801,4443;
325,8616,3523,9431,3252;
7255,5154,6284,4330,6126;
5776,1392,336,9571,7625;
7465,8156,8446,3954,6491;
1757,8067,7727,8439,813;
3376,6812,4010,2313,5778;
5223,4528,845,8808,3979;
6780,6593,5760,5133,1121;
9870,1576,762,9225,9222;
2249,5903,438,2608,2120;
592,9224,9737,423,8625;
6573,4672,165,8471,9696;
1936,1087,9195,6424,4149;
2985,7586,9972,5533,6476;
8592,2213,1626,4914,5251;
162,8573,8539,6727,375;
6554,4264,3512,2278,7213;
2753,4953,6550,939,4461;
5079,8183,4688,180,4764;
7268,8114,3348,5760,458;
7115,4058,4952,4615,2168;
6619,8518,470,5746,870;
3815,1591,6831,2513,2618;
2127,7045,1343,7282,6159;
7401,3837,180,274,3149;
5981,1360,6919,9575,784;
1169,1825,8081,9046,1057;
7198,6121,4673,8714,552;
8652,9770,3511,9383,1654;
1784,1160,3101,9127,3784;
3270,8856,2603,8516,4196;
1645,5970,2086,3430,404;
9248,7764,9545,6558,4616;
4927,9907,36,1876,3090;
2245,7352,6818,8483,1462;
332,9502,546,4602,5986;
3485,713,6295,7120,7210;
2873,3538,3890,4387,9597;
70,5327,9235,2588,4540;
9341,8810,9285,2540,2932;
4848,7696,7935,1552,7247;
2289,6155,7373,6379,4283;
3248,9800,3515,953,6403;
4944,7925,2258,4830,9860;
791,8774,5742,9144,397;
4389,31,4683,6413,6287;
8326,1551,4890,6824,2488;
513,2784,9063,8776,4094;
8430,8148,7684,6838,5784;
2251,3774,9335,1275,6193;
8178,2768,6968,4183,5424;
7749,3837,9766,437,6260;
409,6829,5284,7446,4509;
8488,719,1961,9150,3658;
8824,2114,4837,6416,8951;
3336,7163,9558,7877,7504;
6499,1117,5853,6116,3610;
9956,3535,3987,4479,1808;
9338,551,3239,8887,194;
412,3474,1976,7158,3085;
6463,2285,276,7479,4088;
5994,566,7357,8156,8941;
3774,290,8134,8425,5252;
7827,4739,2453,7122,6178;
733,4430,4641,2563,1628;
4575,5862,8540,1028,9382;
8051,731,8035,4810,728;
6090,158,6062,6404,4191;
7627,3074,8431,4423,1821;
8694,2527,4955,5175,5914;
6755,9522,707,12,9300;
6590,6875,2600,8210,3749;
756,5960,9422,6752,7235;
7595,730,251,9105,3189;
6226,4089,5181,8841,8029;
4653,8425,2345,6185,6564;
6487,5911,3619,2184,5755;
4969,2677,8675,3516,1951;
3293,6974,2007,5712,2019;
2890,3691,7130,9955,6267;
8134,5728,3898,19,4210;
5086,4817,2897,8217,3010;
2793,1570,6024,373,823;
7785,941,7221,3870,5316;
4495,356,367,7383,6537;
5166,2714,8913,7657,4845;
9500,9354,5216,7311,4518;
9660,61,412,8317,1195;
908,9972,6871,176,653;
1106,8044,889,7102,3054;
3039,9495,6580,5959,2054;
1101,6211,7853,7653,4152;
554,7345,2047,8269,7928;
7856,3162,4432,1649,8576;
3282,6870,6204,3140,2363;
3247,9852,656,7360,2518;
4576,4364,3721,1618,8322;
3565,8787,5058,4010,4580;
1993,6285,1211,5179,9780;
2955,1755,9140,3744,2163;
1606,189,1154,5036,3970;
6153,5913,2381,5882,8897;
5748,4654,7428,315,8831;
9160,3160,5123,9706,6033;
8882,1170,2654,8016,3757;
1525,2899,3148,2630,2927;
7638,9944,2524,8200,5668;
1631,7559,1183,5574,146;
6587,7585,5474,9691,6636;
1565,4712,5718,5937,184;
8533,671,4564,8146,7832;
6134,3523,6409,4,5201;
6071,1243,3651,229,5553;
4891,9889,2455,1052,1756;
8224,1160,8546,2122,9765;
2871,8547,480,9527,4565;
319,2347,5116,1615,1353;
4053,2261,1293,7636,8799;
5843,3691,1002,178,3504;
2419,8932,4442,1965,5027;
5385,2749,6964,8043,7049;
2636,3551,5635,7101,5217;
8083,92,4273,3120,4348;
4996,6625,4711,9927,653;
1211,9243,3275,4150,8281;
4952,966,2322,8322,3183;
7595,9750,1608,5926,8572;
4822,8889,2722,717,8892;
802,1829,3858,2654,4294;
9686,3702,3996,3617,142;
5318,1672,9153,9730,5933;
3296,2726,8287,6733,9444;
3322,82,3695,7042,800;
746,7698,5649,5660,2551;
7901,9414,4724,9819,1196;
4324,9353,9408,36,3579;
8359,762,3049,4068,5716;
5168,3262,731,6590,9101;
8011,2781,113,1082,2150;
6199,3857,5313,2014,995;
7900,7911,4843,4391,3693;
2055,6660,825,3132,5991;
6666,3937,5609,8912,3856;
7896,601,2517,4643,8429;
4118,48,3720,1100,5563;
1796,4273,985,3889,1727;
3636,4314,4537,6706,5752;
9683,9304,2136,8684,1487;
7573,9575,5956,8418,7564;
9429,6858,158,5224,3851;
5800,3452,137,5670,8426;
1458,3466,5610,7604,4308;
9121,8844,4104,1358,8802;
7159,3601,3541,1113,6067;
5713,2078,281,8978,2397;
5564,9628,5496,5475,8258;
4249,8335,5755,1101,2549;
7778,290,113,5743,1731;
6963,1296,3960,2164,3383;
928,5732,1323,1775,8369;
1393,1977,3925,6229,7007;
5255,3151,9800,968,7402;
8788,7407,6374,298,5181;
3635,9216,9076,5359,3845;
5629,2536,4080,3918,2366;
4512,7464,7067,7128,9455;
4798,4289,9946,7011,7204;
5334,6972,5067,2017,4159;
3056,1578,7234,4062,8872;
3227,2803,159,2102,8324;
6417,7969,2556,1891,1277;
8988,4747,2182,1418,8509;
6961,3348,7705,1179,6921;
4778,3960,7183,3336,4180;
5531,4877,918,2575,3679;
3876,5266,4990,5009,9635;
6116,8920,4083,6091,6484;
936,4648,5297,3183,5890;
1995,5769,2584,8180,9438;
3857,4232,3815,5483,6320;
7360,7658,9494,5480,4677;
9449,1776,9859,7391,4085;
2478,4239,6956,4632,3506;
6059,5911,1113,9597,7568;
9404,5824,5906,6900,8828;
3004,3170,2656,4944,2838;
897,6228,2239,1695,3731;
9985,3906,2672,1693,6400;
4091,2909,6758,4729,3523;
7115,4425,3752,983,8271;
4906,6683,2972,4179,5514;
2163,74,2359,3154,8363;
9640,5835,588,6435,1233;
8912,587,9392,766,7614;
6950,2521,6678,26,9449;
5562,2533,716,3551,813;
4722,8514,1922,5481,5876;
1594,6272,5292,6753,2339;
2807,9303,7162,4134,2812;
466,4002,4172,6287,1020;
1594,7459,5733,6318,1963;
1499,6235,5881,7335,1055;
4657,4550,4639,710,3152;
722,4951,7784,6591,2026;
2432,3570,8566,9328,9527;
4411,6307,4867,8275,1884;
1643,7210,9296,3855,5776;
351,3174,4445,9541,5661;
6178,9928,2427,4914,8625;
4617,6,6613,5272,8667;
5960,9262,6634,3377,6530;
4895,8536,3437,9785,7933;
12,9331,1606,8387,1019;
4286,3259,900,4497,9652;
5913,3460,2451,1954,1921;
1754,7869,5201,2233,9552;
1745,1858,6363,6314,2361;
5156,8402,14,3261,9828;
7925,8343,8922,7948,6718;
8492,6459,2510,3827,8281;
2732,9961,4254,3134,3511;
972,6224,5154,8532,9837;
1059,679,1577,788,1943;
2242,8269,2095,9140,9950;
9456,340,424,4429,7566;
6872,5993,9548,5997,2346;
2415,8763,7595,8147,3224;
1125,9761,6255,2459,5802;
3843,8305,6767,701,5507;
2501,3310,415,2605,9700;
5602,2102,9168,5310,81;
1590,4620,3611,4202,7646;
8475,361,4363,9330,9539;
4380,3723,8051,1940,5728;
2252,743,5030,8909,7933;
9051,3912,2294,347,3443;
5782,6451,4573,7736,596;
9341,362,4572,3926,1055;
542,2260,4287,9455,8569;
6186,3108,9743,5126,2957;
9116,7412,7134,9269,4316;
9826,2600,4176,1841,3442;
274,316,4912,348,7105;
1597,6259,680,9101,6083;
5261,40,8483,5653,7343;
4701,5496,1278,7308,5844;
6246,6943,2864,6621,1521;
4444,1862,8000,8834,42;
6122,4386,8932,8495,9511;
3526,8476,2816,3162,8352;
9823,7710,8493,469,8340;
4907,8759,8409,9524,1855;
1541,3932,8390,8884,7099;
6226,444,176,1432,6083;
6896,947,66,2361,2839;
2609,7948,9816,4011,5610;
4230,3417,4100,2312,1050;
2872,985,6991,7051,3867;
4429,5891,4863,8170,8466;
2574,184,6143,9186,5989;
4817,8943,9632,9591,9856;
5821,4157,469,4086,5015;
9818,7022,8158,9603,809;
7911,3025,9560,939,739;
4590,6503,8720,1264,9226;
1849,6723,9267,99,7556;
8480,1853,9890,7285,9695;
3364,5765,7279,458,2864;
8960,2765,2321,9089,4017;
1143,9490,9255,2564,7279;
4005,6261,4294,3540,8751;
5798,5682,2118,2767,4793;
956,5014,9296,1327,2990;
1774,6414,8375,8754,1195;
8068,2817,8324,1921,6636;
9847,1125,8055,5619,3823;
7244,7210,6283,8637,1588;
6197,6752,523,6116,1416;
3387,1053,955,929,8040;
9521,4028,5661,2461,8895;
9358,1551,6706,4663,8281;
9445,4470,1833,4015,8225;
1391,9413,420,8187,1912;
9265,2288,9939,7689,5432;
102,8837,8709,7799,5015;
5267,925,4956,4864,9052;
928,1460,9333,4275,6687;
1370,7910,1376,848,581;
5678,549,9399,8354,9190;
5613,6094,3817,4771,33;
875,8998,2953,3889,9805;
8739,4653,1198,3093,4755;
5972,4675,684,653,7815;
3027,3489,6694,28,9686;
7967,3036,9906,49,2173;
2010,4873,5601,9399,5268;
723,1605,3081,7736,2756;
1787,2615,2189,7229,7642;
5009,3109,452,7187,4310;
5109,6443,7165,2683,7920;
9382,3891,8237,1414,7445;
5313,7560,189,4455,1871;
2313,3131,2704,839,834;
803,5774,5416,7635,421;
8265,3140,675,1464,6674;
1344,6504,5124,2626,1716;
9460,346,6193,7422,8916;
5684,3075,4597,8469,6178;
2344,9228,7917,2263,9797;
5142,2181,2389,6896,3569;
4417,4270,4082,4339,2830;
6331,6810,2085,2530,9295;
4076,267,5363,2443,6588;
6480,719,7009,6007,6162;
6798,1250,1369,7164,6392;
928,8367,9241,5008,5247;
1554,7425,6556,5551,3179;
9267,8529,3115,7717,9376;
1669,7596,2501,3026,555;
6799,1133,6100,5294,2955;
2398,1491,6969,6051,8623;
4244,6838,8425,3354,1144;
1536,7796,547,6136,2663;
2497,8120,1834,1818,9424;
3344,6285,8747,6766,8241;
7278,5730,6459,9593,6799;
2142,2510,3253,8902,9270;
1612,8995,6537,1291,6878;
2971,4718,919,4192,1651;
886,345,4663,8911,1861;
5512,6170,7404,5365,9930;
689,1841,468,1218,326;
7008,8583,431,1317,230;
1547,2824,2318,5522,3555;
9676,2646,426,6773,7844;
4659,9229,4909,4219,8019;
8138,6653,2276,8993,4330;
7827,3343,9680,223,1575;
4287,3274,1228,3679,715;
8069,7800,1682,5109,9209;
6061,1652,6299,128,8836;
9393,9170,3536,807,6523;
991,3399,4762,9701,3060;
7009,7186,2707,7533,5683;
4715,5961,2383,6318,9423;
918,531,5593,7099,2952;
6238,1107,6232,2447,7186;
1824,1188,3060,8651,2571;
8041,2191,991,4693,6140;
2325,1337,4045,2477,7690;
1874,6123,6383,301,6675;
3112,7800,9070,6893,3117;
571,4167,4222,6936,2908;
2338,6600,7689,8697,9151;
3259,2079,8653,501,8958;
5958,3508,6187,9334,3258;
4694,7917,3759,1184,8332;
3745,1045,7591,9392,602;
6566,9782,8593,5311,4746;
4411,4173,9611,7956,1207;
9275,9012,8766,1135,6981;
3566,6941,1773,5858,5456;
8803,247,5085,9678,6087;
738,5911,502,6884,6577;
4582,659,2554,5374,1726;
9752,6949,109,8589,4320;
3225,166,1450,3684,4725;
5620,171,7952,7552,4949;
3872,2010,9821,936,1868;
2226,3793,5915,5901,1794;
568,3063,2838,4238,3143;
1078,6039,9121,9524,5919;
4967,7029,8746,5688,4544;
4405,8488,8039,2868,1519;
8782,1920,3313,7091,6627;
1043,8716,1911,4338,8957;
6153,8637,2312,6513,7131;
4982,5639,876,3929,8212;
8862,2979,9586,908,1223;
5098,116,3602,5661,6383;
806,1152,3057,1056,7614;
6067,1010,8300,7606,6875;
3329,6848,4770,1201,8402;
6043,3657,8895,2274,6952;
3579,3548,6249,1051,9136;
2902,5120,2803,5102,9018;
2356,7073,9071,1584,9929;
6815,7334,6810,4604,8875;
9763,5725,1790,205,3939;
8607,4881,8599,2126,4426;
1014,3859,8270,9102,7626;
5970,1792,2611,5297,8836;
9727,3023,6092,8117,3807;
8402,8790,3532,7463,5344;
5219,5017,5127,6550,532;
7611,8165,9569,6361,3555;
7316,2363,4956,5093,1856;
756,6640,6537,1424,7552;
8103,5405,6057,7165,7591;
3423,5075,3072,980,7595;
9885,3263,2193,1263,3500;
356,5083,1558,8481,9696;
8240,1884,5524,3364,6618;
9986,4981,4895,2435,5399;
1499,213,3301,4233,9127;
6924,6970,956,343,5040;
7808,6925,6857,2771,6341;
3605,8603,4365,9340,5231;
3348,9716,5119,9229,5688;
7815,9322,3076,3568,7956;
7665,2441,2435,6265,7768;
6431,2586,5223,1182,6541;
6945,2741,8479,9995,6525;
4590,4617,8404,5470,3390;
9111,5486,1049,2165,7730;
6972,6802,9998,137,956;
2576,1472,4924,6591,8077;
7265,2958,5370,8489,1140;
1073,5132,6155,7760,171;
7932,9784,8146,6568,628;
3175,7790,1843,4753,5174;
9739,4333,2213,2248,1517;
4657,3984,9159,8792,3068;
836,9274,1223,4674,4393;
5125,4807,5238,664,6855;
9914,2396,3636,3761,8450;
8749,8551,2326,4281,6458;
2008,8980,2150,3698,5883;
3602,4481,4036,7597,9079;
4418,896,9325,6210,9421;
4504,7938,9889,3526,2017;
8651,1662,1040,3110,2412;
5739,4641,3779,768,8294;
388,959,5658,8240,177;
2517,9190,9369,3869,5524;
263,41,2100,4283,3535;
9437,4129,4159,6666,1278;
9483,8264,8512,8524,1382;
1802,7410,4994,7671,6848;
2149,6512,7434,9213,9012;
4967,1761,8933,9813,547;
2023,448,8111,5802,9379;
4683,659,1425,2024,4419;
4594,524,418,2837,8374;
2311,5958,8048,1059,9069;
8968,9929,2603,3378,582;
5413,7381,4778,6181,8945;
5788,7993,280,6642,5496;
7136,2623,5971,5050,7887;
6167,5027,3265,1710,443;
7232,5570,882,3166,81;
1173,9569,9973,8137,275;
508,6645,781,8956,3559;
133,3732,9499,6996,3520;
1826,6382,2030,9242,6488;
3723,868,4315,4786,8760;
2537,7192,6888,4234,3414;
5903,407,6406,7630,2788;
3397,4924,2481,8420,9539;
5899,7674,1105,6435,9051;
6093,5407,4312,5813,452;
8190,7774,7649,7639,3410;
9642,2849,7123,5925,1732;
5675,6048,1644,6343,7884;
1938,4323,3826,3260,2714;
8594,8814,1075,2827,588;
5132,1233,9234,4564,3425;
5551,7137,8906,7722,3447;
3344,5281,2118,7554,6296;
9878,4526,7287,664,6078;
7342,7642,3752,4511,6324;
5404,1880,567,582,2361;
8349,710,2951,8474,3509;
8109,7206,5788,6269,2247;
9622,5509,3498,2652,9948;
127,8251,6858,9194,8554;
4598,5513,9737,3708,7675;
9276,5105,651,1386,8674;
7517,8379,4240,7823,2091;
9552,9763,1639,3164,4940;
5774,7326,8701,9857,481;
4234,3432,7527,7865,7735;
2489,2778,721,7821,9379;
2912,6365,209,3406,5809;
9196,3914,7173,1846,6479;
6964,5613,596,6295,1366;
6422,3347,5786,7343,7156;
288,3940,5779,1051,9052;
3177,8994,7644,7735,9192;
9586,5023,136,9554,2101;
9999,3007,9773,2961,6143;
537,1273,7399,2916,1549;
8848,784,5778,6016,2232;
2278,9122,3110,3741,1058;
3013,4766,5004,3530,3868;
6274,1807,4584,7449,184;
6680,8346,9877,752,9538;
7239,9347,1839,5637,4774;
9877,6140,3381,7400,6786;
9391,6292,4,5300,1992;
2033,5950,8568,4658,5937;
3212,348,5980,9130,289;
1075,2161,7915,6558,3481;
3124,4284,8491,2290,7611;
7020,5644,5075,4667,9005;
558,7878,9273,2931,9557;
1296,9662,3112,5966,4366;
7706,2186,9849,5484,126;
1792,9791,36,4917,5808;
6126,7934,8806,5957,959;
5281,8954,30,9882,8027;
3138,8072,6518,6219,9943;
7834,5222,6314,2607,2506;
8381,8498,4305,2078,6932;
2863,9158,3540,9074,2872;
2539,8294,5370,1976,9059;
5892,3752,7985,4752,291;
9732,7197,3458,6177,4167;
7723,2612,9597,4721,7849;
6403,2141,8647,4886,6630;
9092,9075,6078,6684,5969;
2012,4588,2929,848,3375;
6149,9457,2787,8313,7948;
3593,8354,5510,7465,8059;
4965,3258,2386,1597,6617;
2063,7888,42,3861,2930;
7364,2963,5739,9690,6241;
8589,8403,8739,2028,47;
6509,2103,3268,6457,7988;
8070,4179,5300,2890,6084;
824,9524,4715,4239,7926;
6811,8305,2163,6182,3733;
186,9050,8668,8431,1116;
6851,4821,4148,1890,7737;
8912,2633,4681,5586,6319;
4,8669,4598,8307,8649;
5182,1901,4758,12,5504;
8199,6503,8447,8246,5537;
287,9087,6171,2811,2271;
2498,3426,5041,4411,1434;
4036,9036,5465,5194,8404;
1642,6596,4267,5395,192;
1906,5026,2064,7351,6154;
6694,3418,1531,2887,5568;
2356,7518,4668,1796,6229;
2696,915,1181,5601,4013;
8802,1973,4412,5930,8703;
5448,9636,3114,6899,3073;
5655,1608,2919,1162,6162;
3186,4951,7436,6394,7088;
9906,9861,584,3406,1131;
4839,3284,6683,8152,9547;
423,7900,3468,6127,6225;
3244,2265,7134,755,5309;
9047,4103,4792,9068,7663;
4492,7376,235,7044,8348;
1418,186,6512,4279,9932;
3391,4563,4501,6696,1961;
1111,8294,4642,1439,3594;
9115,7911,9624,869,8503;
6984,544,8046,1277,9281;
1342,3968,1081,9397,6557;
8175,433,550,650,9741;
7021,8867,7357,3550,2222;
5937,3440,1735,9055,7012;
5754,7695,854,3613,594;
8224,7120,5247,9563,4007;
8316,952,6621,1688,4284;
689,9482,7856,8073,9288;
4519,8238,9287,8820,9573;
6832,4266,7963,2382,2344;
6337,304,7121,4242,8859;
1055,6163,3234,4769,1879;
4942,4639,5714,4252,82;
4171,4880,4173,829,5480;
3691,6054,2355,4479,2806;
272,6728,6216,1493,1795;
8096,5863,4075,4314,1215;
5254,7572,4139,9029,8310;
9865,9559,3208,5004,8688;
7020,9907,7358,7104,3572;
6120,5159,2539,8063,8290;
5694,6667,5946,7103,5585;
9114,2085,9262,333,7023;
6244,2178,8861,5108,6125;
784,1896,3088,8307,5354;
4827,9077,5257,2343,7551;
8240,9045,2285,2002,8584;
9469,8172,7319,5863,5489;
6943,9531,669,5377,6205;
1805,2672,1709,9961,6495;
4881,7012,8416,1750,6107;
6554,1775,7415,9351,4732;
3455,8171,31,6133,4480;
940,2777,9363,8027,784;
2651,6779,7343,6585,6365;
3876,1008,924,5893,7701;
8973,4112,6749,8097,6543;
4354,8661,3102,8231,6257;
2350,260,1979,2726,4199;
1521,6277,2699,6329,4701;
9424,8150,6757,7817,2835;
8979,6321,4555,5557,8893;
9953,6542,3822,2972,6710;
3590,3456,2938,3854,1055;
338,3585,6540,3522,3594;
2141,2635,866,6070,1791;
8849,2665,8768,7204,4866;
6034,3735,8537,6058,2056;
9185,529,3579,9184,9706;
1494,3887,3727,1561,9623;
7666,4707,2537,6694,4814;
5981,5929,619,740,525;
29,6872,2802,5240,3944;
888,3637,5351,79,8529;
5344,6700,8106,441,1464;
6090,7941,5627,4980,150;
1936,1048,6219,8710,2914;
3427,7461,3203,8710,3928;
541,8736,9769,3796,433;
9798,5155,8402,8555,1234;
3580,7596,8025,6654,3625;
6915,3166,9905,4459,2881;
1101,1833,2444,2039,2471;
9354,1602,4192,3522,129;
6562,3547,4096,8765,3119;
4464,8473,4212,7434,2379;
2628,7213,5120,1197,5683;
265,1355,7058,9933,4583;
3955,5513,7133,7632,3223;
3643,4783,6471,6809,853;
2936,1998,2044,6077,9067;
6388,1456,1265,472,5191;
5719,3991,1920,7272,497;
1402,2196,4794,7419,1707;
9003,5808,6990,2057,5595;
3527,9516,4137,9666,372;
5549,7621,6332,7194,8599;
5209,7205,104,1384,9028;
2904,1697,5838,8577,4685;
4197,5185,3925,8870,7607;
2725,4650,3207,1532,8854;
1948,5243,5349,7123,3413;
6319,6297,9838,4537,9076;
9449,643,9402,4750,8790;
4366,2585,3716,3080,4480;
2308,6267,1169,6159,185;
9296,6013,384,5865,4068;
6663,5835,2302,9696,7244;
5955,4819,2965,3959,4229;
8244,4626,577,2474,5743;
5130,6057,4799,9093,249;
6657,1371,135,1782,8102;
1846,674,5640,3279,8657;
2909,8582,7543,1523,9079;
3086,6519,1924,8422,563;
6714,4167,3099,6083,6023;
3319,5415,4377,6062,585;
7250,7791,8693,4347,3874;
7083,4314,1336,4550,9958;
5683,5377,2500,1077,7977;
3916,4373,947,8288,1515;
5739,9732,733,4881,6582;
2438,9387,9079,9697,7896;
3398,9903,871,9587,9627;
117,1062,7174,3137,5271;
685,4173,8399,1158,5833;
9004,5951,2536,6032,7528;
8144,952,6307,2555,5529;
7571,4545,9159,2127,1552;
5039,6567,6012,6086,7884;
8248,1785,9080,9922,1787;
7983,2655,5001,8942,6588;
7061,5851,647,4922,336;
2185,3218,8923,2700,7675;
7872,1181,2459,9081,7105;
5419,4462,3065,1958,5055;
2617,1939,9965,5024,7619;
585,4876,8385,2137,9867;
7439,5310,6172,6473,3336;
4323,5285,1395,7771,1780;
7651,8122,6870,9606,5028;
6529,5350,3041,7124,6267;
6356,7578,4171,5999,3642;
5663,444,5658,4666,3270;
7288,4273,2162,5497,5471;
6540,7989,1589,767,1693;
6029,3887,4977,2590,4981;
1150,2883,4195,290,6776;
1542,3167,1650,4683,3345;
9056,1596,4683,8101,5489;
782,9854,1432,3541,447;
9754,8069,3288,9318,8302;
7266,7705,5964,9398,4955;
979,3433,142,5794,2458;
856,5329,9658,9060,4415;
6509,3824,2533,491,6663;
3227,4405,2438,929,478;
8218,7624,5697,1377,488;
5415,1218,2608,3796,2961;
836,9648,5468,4907,5076;
6731,3340,2022,935,6957;
2842,6745,2415,888,4295;
5889,4808,8274,2787,4394;
2023,8632,7360,615,646;
823,6722,2429,9658,2810;
9962,1605,8072,8312,8237;
2233,8997,3322,2321,8168;
3976,4658,8257,8642,4714;
5815,6507,1552,6615,3087;
2440,8238,8099,9089,6321;
883,8510,2711,251,2538;
4582,6993,268,1773,6755;
3186,12,1303,57,287;
3806,5658,4468,2686,441;
9650,5037,1897,367,198;
8390,7322,5503,7499,6303;
7737,4798,6390,2998,4069;
6360,2542,7328,7812,1585;
339,2377,1990,6704,412;
6782,2385,6731,2109,5413;
8549,1564,4303,1543,716;
4290,9808,3172,4933,9624;
322,2694,2048,1893,2793;
4022,3594,4301,1779,9573;
9149,7911,9183,4438,314;
5805,4105,4774,5315,4202;
5336,1270,5454,5601,77;
4865,6051,461,2904,5683;
2915,3589,209,5847,3205;
6945,8320,6106,8965,6330;
4829,2332,2016,6632,6624;
9659,3715,8676,8174,2568;
480,6133,3646,1437,1709;
4012,703,6493,7715,5537;
5840,5303,9124,4891,4156;
2024,9925,4772,8214,5037;
9454,2863,2556,8417,3999;
6167,9228,8950,6923,8433;
8957,4133,9057,1284,5967;
9443,8242,5600,3238,294;
4968,4247,1518,3114,455;
7956,2701,5403,5246,9873;
5481,1585,6836,3607,9884;
9572,6737,8974,5754,3244;
6177,1281,118,5524,847;
4632,2272,8010,2485,6935;
3917,1724,3922,6410,120;
4850,7266,2942,8740,6532;
926,2893,339,505,3840;
9466,653,305,7447,9968;
8120,3773,9238,8473,856;
3887,7481,714,2002,1289;
4941,9074,1286,957,2013;
6480,83,9838,3531,29;
9218,5015,2676,520,3121;
513,9349,4366,3303,267;
5588,851,6830,1735,2333;
2718,3176,9456,4061,1898;
6469,8704,7833,87,3340;
965,1805,2470,930,9884;
8278,7745,9680,5757,2503;
7057,2376,6890,7337,5133;
4662,4372,1070,1193,8662;
2201,5976,5304,9078,500;
152,4445,5071,3991,3385;
2826,3290,8835,3915,3551;
665,6542,95,7076,9957;
2620,2351,8650,1875,2161;
2843,8387,5447,6800,3674;
3031,6872,2724,2404,4916;
457,7612,4276,6479,4626;
184,9303,6096,3393,735;
9943,391,2654,4371,198;
9837,9937,6236,8005,1152;
6379,4874,9748,4671,1433;
6733,1954,818,8754,803;
6011,6502,505,5008,1570;
5231,6771,5459,5609,65;
4297,8546,7272,6294,5104;
5139,6889,1727,5487,9624;
3785,9020,9391,9727,1191;
9393,2325,5286,9688,6055;
914,5272,2555,4012,1023;
8114,8906,4726,2413,1632;
153,3716,8244,710,5083;
1124,4213,9369,2571,2288;
624,8130,2416,5160,1300;
4934,2876,459,2249,284;
5196,4757,9137,5342,7293;
6227,1177,4373,1175,3425;
6718,4241,3771,3541,6304;
7937,4753,2299,5214,4053;
5350,1001,6686,6757,9183;
4937,7577,9146,1232,5750;
3952,9751,3538,3446,2989;
2890,3693,3908,5127,6423;
9621,1372,3996,1634,7850;
5785,1114,6028,6744,2006;
6920,9442,9288,928,9535;
377,5396,630,5478,2748;
8926,5535,2015,4826,348;
863,1777,6100,7086,6263;
9408,8873,4134,5463,1217;
3419,6530,6634,5294,5583;
2396,9232,7800,12,506;
1053,4812,7090,35,8638;
4068,6159,863,7361,1622;
7192,5614,6250,3820,7689;
1065,9072,6772,1746,9873;
9502,405,4721,4875,2567;
7289,625,4989,4588,4479;
2193,1046,1325,5627,7278;
7781,9153,5189,3673,2423;
5650,5796,1252,7516,7951;
2158,3220,3804,1979,1796;
6060,4208,507,6280,5832;
781,7590,95,5652,58;
6067,6911,8417,9732,1052;
3674,496,3957,1346,9976;
2990,1805,6224,6930,68;
6874,385,6622,5056,3851;
2648,180,1618,2542,5154;
8224,5628,7269,3203,7734;
3712,4468,3521,7216,2884;
5595,278,8283,2068,4161;
9487,2921,150,4320,1198;
4030,5022,7225,9622,4079;
1271,504,9520,9556,1372;
5939,7259,8171,4691,6726;
1905,9182,6040,5123,2473;
6577,7493,7252,8344,7009;
1942,7640,2016,5754,5374;
8667,5712,528,3312,9646;
1950,7758,3760,5648,9507;
5,789,9030,9488,3989;
6181,963,5400,5559,2811;
1009,6876,4739,3892,3382;
6926,9456,2940,2533,4141;
8961,3168,5417,3400,2753;
6937,9287,3295,6189,9902;
3102,6512,8640,8680,1339;
1380,1236,2564,2078,5210;
5866,956,8952,5075,8557;
6428,3962,6010,9367,164;
8552,5635,8308,4791,1872;
641,3857,9592,653,251;
3497,7483,9470,971,3053;
5402,1535,5969,608,4379;
4190,4608,2259,6244,4330;
6748,3077,9969,8771,5082;
7559,6897,9860,3354,7358;
6465,7121,7729,2451,9715;
5103,4432,4283,8018,8918;
634,658,25,6812,4387;
6591,8589,9679,8043,6127;
8785,735,6338,6114,5058;
3747,5869,4201,7043,7231;
9753,6684,9798,247,4846;
9702,2077,4045,1564,7976;
8805,7918,8923,4851,1667;
1628,3641,4818,9837,9721;
2327,780,7549,1611,3369;
4961,7229,6498,5185,119;
3303,9950,7175,992,5559;
9128,4445,7717,1447,8514;
5627,4910,9098,6336,5818;
4722,678,6325,8192,9571;
8442,2631,7379,7640,9804;
3315,5835,4110,3381,8692;
2810,2539,5807,7492,3773;
3387,4455,2800,1757,4346;
5355,2114,9716,1904,6226;
5883,1423,8331,5204,1786;
3162,8946,8741,6554,6193;
2514,5057,7871,1555,9494;
3099,2926,4886,7393,5687;
3651,5497,460,8866,1387;
1895,7359,6945,3356,3625;
6660,6995,152,5645,5819;
1542,3369,8537,2220,2081;
496,317,4053,1378,4242;
6747,1830,1607,1064,6179;
2553,3792,317,2679,2644;
2432,5347,6735,7113,3884;
7056,3607,4405,2296,1342;
1525,497,3835,5626,14;
5967,4209,3428,5562,828;
5421,6197,1391,6563,1883;
5371,3285,2168,1347,5077;
4129,5850,1499,7616,7496;
3879,3642,9909,3261,411;
1718,9884,6640,9766,8975;
3156,7115,3371,5914,875;
2960,1054,3895,3646,3192;
5516,2889,899,5997,5400;
5153,4298,5727,9632,2036;
164,8097,9486,1958,1144;
7369,9455,9090,5771,9650;
3951,2655,7609,5682,6020;
6449,4067,1219,9441,2325;
4042,318,7284,4061,4307;
7493,1497,82,1462,8296;
3501,5972,6667,6725,5967;
3559,6315,7758,9225,980;
8442,1130,7052,2304,276;
4079,1413,9896,262,702;
5575,1901,8832,6036,7371;
1256,738,1482,6071,7277;
2096,4241,2656,6518,3815;
7672,5166,5311,9697,681;
5763,2378,1218,5871,2266;
5106,1833,8833,2581,2468;
983,2054,2755,267,7325;
1115,2211,2386,5376,1101;
9759,1543,6086,7740,9274;
5384,9427,207,4692,8470;
5220,9974,4485,2150,9097;
5798,5774,3265,9014,699;
43,5819,7747,306,6049;
6721,1045,9428,9111,4853;
5103,6215,1066,6300,4859;
1874,3179,9798,586,7259;
4326,9149,426,968,9494;
3905,2422,7793,3252,5438;
4400,8252,5793,8343,1413;
3070,5524,6190,527,528;
5096,7896,4651,7503,7460;
1358,5500,2544,8840,6856;
8636,5582,8507,1659,3486;
4573,7800,1915,1268,3718;
7223,2138,4059,1700,1041;
1563,6145,6565,3386,5762;
2236,6300,8873,2982,1446;
7871,9647,916,4758,4298;
7867,454,7660,1870,4268;
9709,9704,120,2450,9924;
2502,9988,4337,2993,6330;
9481,8374,4147,5916,1151;
3096,231,4161,3302,9829;
4824,2214,6305,7929,5011;
9880,9023,9153,341,6250;
2950,9748,2505,6798,4411;
2595,6739,7007,9178,239;
7488,8484,8864,6005,5316;
6088,1735,7465,7579,9000;
879,3644,2756,451,6742;
328,8240,3109,9577,6988;
3579,269,9706,3469,3686;
9939,194,5003,1715,1734;
7972,6892,7377,5109,6995;
3187,4254,3926,4866,4375;
7970,3625,5868,7689,1932;
4760,598,2039,5384,8659;
7075,5132,8729,8401,6353;
9709,4597,5138,7197,5084;
5341,384,6229,4673,6629;
6028,3437,2000,5342,797;
8544,2685,3101,4628,4485;
7672,5166,800,8111,4378;
1134,5333,4163,4939,6588;
1327,9577,8386,8887,9224;
4022,1504,4692,8402,3302;
3854,8822,6865,4319,3364;
6450,8751,2698,7972,7876;
5140,517,4771,2937,4484;
4138,4780,6663,4472,3434;
3553,9828,9070,688,1591;
6228,925,2247,5181,917;
1524,8154,1054,5688,4525;
948,6445,3989,6876,4392;
2411,3110,3968,4052,1327;
9282,6694,8979,1982,6973;
4047,3386,3652,3480,2616;
4101,7172,7977,6651,4614;
1517,5870,6975,7807,5557;
9834,4047,9186,4817,7792;
3137,806,778,1493,205;
958,91,5800,6761,830;
3843,7188,6417,696,5911;
3271,4972,9989,7160,7897;
2844,4359,2049,661,697;
458,3818,9042,9005,489;
5057,3175,9064,8199,8073;
2508,465,9020,4330,8774;
8887,4393,6075,7682,7466;
3170,7250,9576,731,2279;
3020,9168,9954,4632,5725;
2448,2701,5528,9498,2110;
9325,1432,7681,70,8950;
5809,9456,407,8471,6202;
1826,9738,173,9020,8032;
8261,436,7908,1951,525;
8724,5950,6401,5768,7869;
4167,2573,9079,1853,3920;
4384,6694,5989,7246,6649;
2333,1189,2383,8153,2117;
6296,8401,892,3295,6389;
639,8613,344,5720,3836;
2080,4029,8478,7203,3466;
5868,9892,2279,681,7189;
7133,6229,2168,1280,7738;
5650,9568,1843,4782,2816;
1820,2947,4494,8475,6002;
8883,4619,7273,7103,2812;
1236,8901,5678,7730,7444;
5045,327,5452,5526,5484;
5474,8676,4932,1295,7366;
4283,8012,6273,7169,283;
9842,4676,4308,1097,2056;
5156,9674,8633,1481,3609;
5694,5597,3106,1255,2190;
4520,4138,2849,6573,9680;
7213,2827,6753,2747,1814;
805,7076,3386,5353,3497;
1168,120,197,3545,2201;
9248,2104,2542,6017,51;
5060,9911,9224,2009,272;
7554,6356,788,5585,6795;
9195,5137,2424,8771,958;
3299,1003,4652,611,1809;
2400,8171,8908,7012,6318;
7831,3593,8963,2158,1190;
3610,5541,9702,5927,1188;
2641,5276,3471,4954,6228;
6247,1301,6813,9599,913;
4808,7295,2743,1111,4408;
7750,3887,4574,3081,3213;
1463,4597,5950,551,562;
6132,5599,2665,154,8961;
3015,1037,7588,5913,6160;
725,2554,6764,6488,4750;
1064,3116,9072,836,7701;
9703,8734,186,4272,4918;
9054,3199,3650,9756,6763;
120,1601,9302,4840,5079;
3039,973,6063,5942,8346;
2015,2348,8680,5797,9816;
8179,8922,1917,5064,668;
2979,7592,564,584,2820;
3802,8072,2088,7989,1593;
4809,5637,510,4094,4809;
5771,1301,3577,9400,8516;
4515,4013,4103,1889,1778;
2030,1868,7624,4347,9821;
9471,5581,9301,9753,4021;
4360,4623,1818,2859,6340;
4553,2737,8581,2025,8584;
4031,487,596,3007,7989;
6311,2308,6694,6280,3880;
1729,8700,9180,3158,2700;
470,9070,798,1337,6656;
2834,1515,704,4056,4902;
4655,362,2914,6094,8364;
385,7420,7327,4746,1061;
2613,2523,5197,9323,2822;
7993,9940,4423,3116,2403;
3624,6530,4726,3002,7974;
6806,1117,7121,2098,6868;
7022,9258,4974,6045,5832;
3474,8236,598,6464,5808;
173,1777,2362,4388,8516;
6603,5077,6779,2217,4885;
1156,326,1966,3867,1615;
9069,583,8033,8546,4157;
2490,6818,6668,381,9922;
320,2318,8963,4092,7784;
390,3092,2283,594,3753;
8491,72,3508,1017,6847;
1477,7930,2577,141,1592;
4864,863,7311,6224,7572;
1818,845,2091,5855,3530;
2899,8442,3751,4156,1677;
6839,5497,9726,2107,4247;
7406,7139,1517,4571,4480;
7533,8580,3289,2933,888;
9617,9555,3594,6022,6587;
3136,6838,8267,2772,5457;
374,7862,7818,8740,6448;
4381,6212,9155,1655,8031;
2439,7607,1358,2546,4786;
9277,9479,9659,7061,5884;
8836,8778,1556,4985,4676;
6507,7365,3254,8074,2250;
4177,8981,6662,7992,2865;
4887,6217,6152,3171,9560;
6271,4585,7023,4675,825;
371,1028,3836,385,111;
5186,369,5880,1837,1134;
2879,7912,2286,7355,9906;
9303,6779,6121,1029,56;
9952,9051,9978,6986,3132;
2556,9677,7463,8412,9073;
9262,5072,1488,2802,6609;
5396,4838,6710,1236,5077;
6037,7286,2383,8200,5906;
7992,1778,5661,9638,8570;
7957,1943,168,9599,2867;
7620,8529,7268,6433,1974;
7008,1847,2600,3240,3953;
5374,4984,1028,7271,3850;
8750,9178,2703,9398,6924;
9575,3703,7080,7022,9429;
6506,3968,1791,3147,1937;
1369,8010,3157,9029,4206;
4227,7596,9394,5219,6824;
7283,2628,1060,6521,3853;
7050,9167,1363,8724,6761;
4178,1904,5442,2009,8037;
5404,6454,6162,3223,1568;
8134,1849,7890,6034,3445;
8791,7157,4456,2285,7541;
7792,7177,6990,9891,740;
5191,9218,1096,2192,4784;
4760,2042,8049,2749,9444;
744,3847,3836,4384,3989;
1858,8482,2743,6379,8406;
2368,8894,8782,4154,8252;
2137,4104,6583,129,5482;
6709,8918,4140,832,4476;
6787,8314,6372,7601,6890;
2503,8244,291,1070,2132;
4368,447,9150,668,1821;
9457,1658,513,9798,8535;
9408,1990,6290,2918,4367;
1478,8357,5694,9690,4395;
5288,6860,9948,4155,6006;
2890,6393,4188,775,3424;
8870,2957,8633,6257,382;
6616,4252,726,6816,817;
7186,8997,6827,4737,6048;
4893,7948,9734,5096,3130;
548,4083,6903,2979,3367;
3765,122,9559,7254,6588;
8207,7997,4888,2177,7791;
8222,2785,5019,2785,2868;
2753,6748,2569,1520,1082;
6035,1314,4684,2615,2380;
8430,1360,989,4025,2582;
3038,9398,6502,8084,9409;
7370,4374,7377,6797,2149;
4470,7093,4063,4892,2411;
4713,6187,9693,312,9180;
4850,2151,121,9769,9300;
7241,4961,5682,9673,7039;
3107,5244,9460,5204,273;
4210,4967,1643,5788,3101;
2190,4031,3412,821,3788;
6138,3646,9103,5050,6921;
6328,3558,1829,2907,9287;
682,4758,9622,3431,9992;
5806,7139,9516,1045,8252;
5165,4318,5943,9059,9909;
1862,7302,6552,5760,5712;
986,8563,2927,4590,2914;
4902,4388,8033,1480,2766;
125,5927,9940,2655,1615;
7202,4064,5370,7710,6067;
2514,9691,9589,8038,8843;
2014,5884,1537,3630,3180;
9824,1562,26,7169,5506;
982,4723,8779,3544,1170;
2071,1818,7962,6767,7928;
4042,8238,2039,9106,3685;
236,4554,4410,3675,606;
331,5994,1186,5429,1934;
2513,6810,2169,5151,6904;
2261,5824,9720,2763,5632;
5164,5411,7376,3150,5812;
1709,9833,8331,9769,5582;
2297,2029,7731,967,3288;
9375,1035,5547,155,1379;
4510,2079,1447,6285,4529;
5620,1937,8842,2704,3270;
2652,8614,1312,3572,4589;
9598,3026,8470,7477,2132;
7681,1991,1686,3580,5762;
9404,7118,1841,9088,2377;
6934,6564,1828,958,7475;
9473,6489,4844,27,3606;
5778,6665,2988,1645,6363;
6644,7513,4693,123,394;
8705,5126,6482,7018,2294;
2257,7227,7944,5882,6111;
7733,3224,6857,1181,6144;
1259,5137,7533,1376,3678;
9603,2085,7227,9997,6463;
3317,4926,1104,6497,5276;
5633,9635,3319,8451,249;
6710,2885,1301,112,282;
7158,9099,8026,2166,8205;
659,2844,1292,5961,8012;
3343,8074,3929,9080,711;
5492,39,8235,31,4279;
6694,5625,9352,9415,5307;
961,9789,7814,9019,7488;
9499,4682,1438,247,2077;
396,824,4603,5663,9612;
9824,4844,9892,3456,1049;
6063,2911,9752,4428,9649;
1878,7835,46,946,9723;
3389,150,6640,4182,338;
3663,5884,6943,9412,2352;
8403,5136,610,8627,5468;
7981,1976,5152,2455,8345;
1924,8901,2089,3823,7496;
4126,2867,9813,7112,1223;
7480,968,9793,6053,3310;
5924,8849,8780,3961,5519;
2218,3379,5770,9365,7926;
6772,1073,2745,5716,631;
9444,8160,1770,6980,8905;
564,1180,275,3272,4953;
8696,6321,7849,6586,599;
8116,6297,7303,1320,3486;
3590,9163,1157,1934,8990;
5038,5491,4251,2484,6845;
6444,264,7919,1604,1789;
6050,2457,1880,1251,9257;
1021,8524,9535,3899,5765;
6390,5765,6579,4248,1947;
8152,115,9074,5390,7139;
5285,2805,9263,469,7353;
1556,7835,6600,8877,3510;
4612,100,1184,9705,5593;
9608,6080,9477,7804,3633;
9472,9572,1492,5412,5926;
9462,5802,9589,4263,3641;
440,9644,3864,3064,6566;
6449,2060,3181,9148,9154;
1119,1258,9757,8689,2475;
3078,6327,8675,6243,7504;
2981,4319,5617,5739,6133;
1435,684,4828,7131,5021;
1277,6325,6782,2749,5427;
4204,486,7452,9343,5156;
5842,4668,5669,1317,8413;
8552,9118,9675,2261,5945;
2356,310,2297,1874,6013;
7160,317,7172,6296,5115;
9256,2152,655,4785,8065;
4193,1969,1961,6683,6729;
972,9169,3934,6584,6430;
2744,347,7714,9230,2338;
5093,8462,2089,189,501;
9679,8360,9273,1163,305;
8122,453,1014,8832,1124;
9795,5243,9901,694,4890;
9733,943,5871,4442,1049;
8498,4891,145,7630,3445;
1015,1740,8056,3263,9472;
2614,6158,5998,1266,9792;
1792,4167,637,3923,8032;
5976,1905,7457,7217,1757;
1865,7706,408,9483,8821;
1160,1696,1,8485,9484;
4451,1343,5192,1159,434;
2762,3148,4529,5801,8495;
6820,8278,3593,9935,1737;
7602,2755,469,4355,9117;
5229,3427,896,8806,5371;
8358,9468,1608,6646,8363;
4698,4246,7222,1050,1778;
4872,594,8671,8749,6785;
4629,6004,9977,4997,8861;
2671,1659,1441,5321,7898;
1817,9073,7178,4115,5599;
9700,3038,3596,1454,6903;
2527,2499,1326,8009,2124;
6342,4464,6140,553,9311;
5399,6224,9147,1506,9130;
2657,3062,1620,6978,9749;
3840,2264,8006,8000,5385;
3477,7278,4506,2623,8247;
2352,2918,888,9250,9805;
9151,7840,7643,9757,5071;
251,4634,2578,338,4652;
1110,6240,2296,2736,7256;
5047,1452,9700,1730,5935;
3574,7666,3364,8153,6397;
6260,1162,187,9863,4079;
6137,1109,4981,2747,9149;
6335,3585,6521,7277,2558;
2503,6379,2571,7585,2604;
5590,9551,8114,2022,5086;
175,6796,7137,7538,7824;
4564,407,5554,1010,4812;
617,5776,1265,305,1319;
649,9259,799,3564,256;
9782,8086,4514,16,3266;
4759,1523,4599,382,7228;
4993,1613,4842,9739,7314;
6250,1575,4224,2250,5694;
5325,9369,9776,2818,6572;
2849,6158,2479,5875,7123;
8775,4347,5798,378,8593;
465,3072,8352,3173,3317;
2529,3053,2256,2466,7003;
1731,9389,500,990,5562;
3030,454,6555,1493,4337;
753,1404,9720,2348,4045;
2238,1146,257,6590,3933;
1591,3892,2422,3364,9937;
8692,8146,4041,1504,7764;
5486,1541,6541,5468,6168;
9544,9582,2831,5924,2801;
927,3330,903,7085,8952;
7122,6915,8604,1889,5945;
8609,8762,1165,6677,4170;
1476,8788,631,4843,3637;
6803,5821,5666,9241,3389;
2303,8658,4123,714,7967;
683,3209,6005,4203,8199;
4149,4035,6402,5082,2062;
3856,9297,145,3475,4707;
2285,1099,5138,3686,3633;
3311,853,8192,9468,8456;
9707,2063,6530,9801,9645;
9442,226,8660,9444,1507;
513,8868,1582,810,4057;
9299,8904,6920,2692,6134;
8797,4405,1360,8480,2983;
3733,5778,8322,995,5799;
8085,2433,7535,381,615;
4334,2609,9295,4382,2462;
2453,9173,4813,5035,6771;
3995,9715,5111,7334,1377;
2052,7346,5583,3782,4641;
7315,6093,1290,6103,8575;
2631,3694,9785,9899,5490;
4292,1727,8953,1842,4830;
6767,2954,2346,3052,7327;
8249,8973,6953,5001,8916;
5125,4252,4549,3823,1462;
6464,9600,2595,7565,6912;
6551,830,2981,5453,9312;
6264,6888,4279,6964,5238;
4875,154,7072,9257,1621;
6796,5745,593,6887,7789;
1663,9556,1143,417,358;
337,2810,6913,5643,2735;
5185,6940,3184,2320,2337;
9908,3022,3728,5315,4829;
6866,3563,5909,2330,4011;
2334,4828,1347,3771,6213;
1608,7986,4916,1389,1953;
7973,8647,2543,2585,3493;
4291,615,900,2931,5893;
3724,1410,8184,3597,2576;
2804,5126,7624,8678,4234;
3007,4041,3684,408,2501;
7368,2439,3360,9571,5152;
8007,4445,5477,3235,8041;
5420,9040,951,1344,8627;
4851,3812,5935,5766,1261;
6510,5159,1480,9107,6402;
5552,7324,7965,835,7901;
1906,1524,4043,7453,5663;
3024,1464,452,6982,8122;
8447,1809,8015,2724,1634;
7459,8924,9216,6609,3939;
7857,240,1261,9175,2594;
8317,5346,6384,2683,3159;
8498,3157,8028,332,2312;
7501,3643,1259,1308,716;
3570,8922,1861,4232,6054;
4078,5178,4664,604,6285;
2444,9780,8427,7030,4709;
1168,2065,4972,7435,3868;
3749,7356,9736,4138,184;
6032,9618,7856,875,2518;
8103,9286,9733,503,8784;
2184,5709,7097,6017,792;
9346,4662,2189,5264,9855;
3866,2700,7223,5923,9634;
8050,3592,5645,9406,2043;
9685,4014,1511,5594,5646;
5651,6391,8353,8772,3790;
6448,4182,8177,2641,2911;
6662,1002,6595,1614,3242;
5073,2214,149,5227,230;
7981,6894,9653,9967,8764;
8248,119,3503,7578,4696;
8083,7070,9765,8483,3533;
8269,3431,9916,2074,7917;
7592,9178,547,9332,9288;
1172,2169,6080,9517,490;
2352,7977,4867,4250,1120;
6639,8336,2203,8169,4701;
7521,1054,2646,9398,6956;
9207,1655,1876,4709,4041;
6082,6398,9274,2506,4542;
654,4406,5230,7734,2030;
9376,1809,7934,4978,9536;
5725,5797,3329,9376,2750;
2415,6861,9794,8674,6286;
945,8043,1491,4275,9639;
8161,6322,962,6042,1749;
4862,5722,8013,6592,6252;
7323,6185,4460,3948,8533;
7818,1876,1467,4307,8542;
2593,9441,3387,140,5420;
917,1865,2666,6600,2898;
5596,2693,2026,977,2264;
5757,7213,6116,6219,6589;
9303,5753,4441,1029,7040;
7139,3079,1279,8711,18;
5507,9668,8039,8139,7037;
1204,2034,151,4381,4812;
7807,3970,5277,3113,8257;
8549,6624,915,3679,8551;
1369,465,1567,7407,1545;
4186,9143,7176,6395,8495;
5581,1210,2390,111,532;
3897,2160,2501,8803,4638;
7936,8986,856,9857,5545;
3541,3775,1293,1877,3286;
340,8975,6332,2414,6492;
9619,6515,1633,2773,5778;
4999,3489,1505,6028,1224;
7231,6693,4159,2224,2930;
8236,8433,7655,687,2836;
3408,9134,5915,8196,8533;
8305,3347,9331,1777,871;
9489,4110,6129,6797,1671;
5846,7812,5124,5917,8612;
7900,446,1285,4617,6355;
5390,1248,4978,9629,2330;
6208,9288,4150,1387,2775;
2384,6117,8211,7602,7213;
7865,3531,8342,9986,6556;
1118,8259,7936,663,7757;
7213,4638,1956,1850,2510;
8731,4879,4854,626,8961;
774,3423,185,3315,3364;
2087,7410,7205,7147,5449;
4512,3861,4565,7961,8926;
5635,9144,7021,9548,562;
7310,7159,8026,8809,5972;
4252,9407,5591,9545,9691;
3753,8616,8934,337,8385;
5091,4975,2372,9277,9845;
2572,1333,1224,4742,5837;
4947,5623,8521,1389,3484;
9887,2834,5710,6493,2230;
1776,5057,8014,9140,9820;
6240,3554,6823,8154,6545;
5487,1099,9484,265,3321;
6343,2396,4231,6127,1381;
4614,9827,7618,5801,3795;
8974,5925,5503,9463,2360;
4001,9053,5154,5936,4880;
5022,7629,9047,6964,4374;
1054,5252,9616,7685,6381;
7930,5517,262,4085,3068;
6335,8011,5690,1197,9258;
6643,3316,7974,9853,5862;
5758,195,3846,9756,5115;
897,5473,2646,8726,3774;
6710,766,360,817,8730;
5331,1061,5896,4810,246;
6128,3307,9619,5341,6338;
8287,6362,9279,1963,7866;
1085,3200,9555,6668,536;
981,7884,3368,3654,8172;
6704,8526,2574,5984,6960;
866,8978,9019,4470,1744;
5658,5193,3302,863,2971;
3318,7278,5758,5048,2866;
126,4112,7923,6641,9247;
8730,5206,3797,2276,9295;
1940,1267,3514,5394,5344;
5240,8196,2697,8142,4667;
1533,5978,5498,5178,4900;
4383,9704,2957,9500,4883;
1711,5074,837,7338,6518;
4980,6007,3436,5206,8977;
5917,9977,9574,5560,3396;
7161,791,3987,4142,6619;
2087,9774,8816,2190,2250;
3701,1320,596,4522,5087;
2270,9166,2967,4254,6499;
1855,5792,6658,6146,2252;
4262,6192,6263,9534,7858;
4384,7681,5963,9636,9249;
1703,1844,7547,272,890;
3516,5536,3350,8645,2855;
1318,6996,7710,1986,7063;
6053,2708,3275,2718,8534;
829,6557,3655,1175,3979;
1473,1100,8444,9856,3866;
6772,7099,9745,5591,2449;
7546,3631,8689,8570,8838;
4373,7773,2916,5331,5614;
9781,9099,292,8700,8742;
912,9479,8306,4488,1438;
1869,4937,9237,7969,4490;
8536,5377,9166,9020,6653;
9295,8505,5231,1803,8645;
54,4,542,4622,1252;
7445,5055,2931,9530,8327;
8307,8855,9358,2566,7754;
3774,9096,5146,7706,4841;
585,767,8851,8,4612;
5655,9108,1383,2016,333;
3667,7783,8762,7294,2134;
2077,7481,5780,1142,6479;
6430,5024,5095,1729,1227;
4571,1996,7137,3504,1855;
3746,3517,2143,8287,3052;
7971,450,4885,6563,4743;
4487,3817,4986,5380,7856;
8784,3956,1870,280,336;
4513,264,2361,288,9362;
7012,8567,7512,4660,8893;
1352,5325,3899,6359,1890;
8867,3264,4097,7637,2601;
2000,3709,4112,5082,5930;
4717,9807,3271,2537,7417;
7729,1024,1220,3899,5063;
2626,6504,8545,5281,9299;
9771,1407,5793,6880,1467;
5561,6032,1392,5714,9946;
9366,5701,653,6126,7003;
1089,6293,1395,5023,3013;
1346,2195,7974,9673,8808;
5474,5234,4811,1433,5832;
14,3161,7275,2690,1349;
7818,1035,4204,3027,4364;
2469,5859,2156,5956,669;
4692,2931,8289,6230,1626;
8744,4574,9579,9863,4980;
4240,35,3358,2746,1607;
8687,5073,5839,6618,4812;
5101,2480,4034,1431,4378;
672,175,7476,8755,3842;
6217,258,8895,241,1092;
820,6417,9852,2240,7463;
4805,8421,7959,5251,3270;
2137,7561,4574,651,4336;
608,9887,4125,1867,8704;
8900,9124,811,6692,2818;
65,9497,1137,9067,3754;
2635,214,7398,3822,9416;
6681,5867,779,765,588;
4207,9297,1018,5944,5545;
5949,8799,9150,1426,3947;
4079,5199,8620,9456,9070;
8750,9695,7337,3653,1657;
4083,5974,6767,539,3866;
4346,1304,5090,3461,6469;
8229,5462,6265,6924,8848;
4280,4682,7368,9551,1050;
5194,8400,6265,3873,8892;
1205,1155,686,6775,4624;
8789,4953,2813,376,2539;
5579,6522,4411,8557,7352;
5625,4286,1669,486,2434;
3934,332,6791,7080,9695;
3674,3861,3127,7044,3113;
2374,8008,9391,2174,6489;
8839,1898,7820,6632,7503;
2148,9268,3725,2791,1904;
8085,9889,4336,3322,4669;
320,2453,2289,1124,7673;
6420,1231,2710,5092,2182;
6741,5387,4568,2735,1008;
2470,2694,2887,134,460;
5889,6925,7691,5103,2258;
1209,1813,5474,4142,567;
4744,3556,5572,4495,1982;
9613,7970,4813,258,3092;
7168,62,1320,9579,82;
2194,2964,3488,3698,4369;
9989,3898,392,7281,2148;
1861,732,9941,4202,8567;
732,1233,9723,5598,6401;
6674,1706,6268,195,3957;
4675,4933,9732,6462,5285;
902,5044,6099,2178,5322;
9266,9233,4192,2775,1159;
6256,6719,4948,6949,1673;
6755,4183,2365,7644,6131;
8666,3607,8819,8282,5904;
2164,51,1447,9461,8729;
9275,8781,2264,8780,5064;
6490,2607,2892,8679,6421;
5220,4094,9028,3418,8928;
9354,2196,2430,6869,5523;
1154,6220,5714,7972,3951;
4723,823,2892,5717,9398;
1564,4607,280,5971,5315;
2274,4734,653,3558,6918;
5691,2804,5799,6642,2945;
2151,6252,8810,5035,4238;
8641,3809,9813,6900,5915;
7259,9705,1046,719,5717;
2160,9862,6311,932,1483;
762,1310,549,8453,6429;
6372,8302,23,572,9062;
7875,3791,14,3210,3929;
4806,2573,4484,4826,3294;
2590,53,4791,2825,5350;
3602,7525,3731,3176,8490;
5993,2927,6812,6118,6577;
1532,8429,7847,2941,1850;
5959,1693,5195,7722,1289;
6249,9660,4839,7448,1360;
4277,5467,7386,1288,1696;
982,6990,1063,259,5215;
9203,7081,7301,7335,9412;
9456,5509,7852,8954,3176;
2988,9778,1837,9569,8211;
5719,4079,6591,7085,2670;
2134,7793,9139,3602,4833;
5160,8879,2901,5287,2924;
7663,5435,3989,112,5691;
8206,3840,4238,322,8507;
466,453,3590,3014,3996;
5324,8200,6786,1303,2737;
4086,3899,1992,3412,718;
1519,2798,6232,5428,2926;
7405,9437,5071,3622,4703;
2368,3172,18,2684,9037;
7474,7403,3358,2860,2069;
9956,7797,9842,3397,5072;
1319,5664,2642,6314,3195;
1283,186,8698,3777,7935;
6580,1032,8076,6419,8869;
9626,5851,1310,3638,3901;
7387,7291,3878,641,1643;
4778,8842,8681,4815,5335;
1446,6766,2191,7161,976;
2519,8659,6226,2992,7296;
3950,6557,5148,8918,5472;
7151,512,9497,9257,1028;
923,7373,4954,3251,20;
1079,9043,4640,9801,3485;
6242,7690,5837,2628,2906;
3019,2304,7628,8023,7890;
969,2069,1774,4313,6542;
1822,6240,902,6651,6792;
2812,8857,4541,1521,9538;
4410,2015,5863,2000,1855;
210,4745,2374,5624,2280;
7092,6481,5578,7730,5897;
1745,6122,7551,9635,7305;
6896,7146,4670,3205,1805;
6416,1796,2390,1458,1429;
2777,1510,5920,5597,6058;
1183,7521,2912,6535,177;
9246,1943,8992,9404,4922;
5840,1496,9602,8942,1022;
2961,3803,4092,8299,4629;
5511,9201,8794,3167,3357;
4480,8219,6413,6812,3125;
1472,2257,2612,8548,6085;
5665,3702,3886,7035,5224;
3492,6224,6640,4282,81;
2408,3060,3805,7739,3670;
8746,7837,6628,7787,9803;
5505,2739,5110,9104,8329;
1793,5574,6830,233,5510;
112,3629,562,267,3267;
7532,5863,2822,1204,6693;
1398,9102,3435,1099,3401;
5202,3563,5441,873,7236;
6095,9222,2590,1634,6093;
3965,2306,3484,1861,8184;
9171,7942,4404,3086,3034;
9399,9633,3166,4567,7181;
3482,1760,4400,1086,2364;
765,3019,7518,1861,3337;
3225,9208,6848,5525,2955;
3412,2788,9901,8939,8207;
4315,9574,8565,1697,5604;
4522,4037,1868,8332,1066;
7298,108,3828,6635,7891;
9675,9055,3941,6893,729;
5930,7687,6519,5476,2521;
1129,8511,5946,367,9164;
2215,4136,8748,9405,4622;
2108,2803,9309,2141,7151;
6128,1544,5902,3726,5018;
7354,7455,9959,6439,6125;
9795,2978,9612,6295,1529;
8334,7495,3443,6993,7427;
3769,5279,9923,2188,4409;
468,3008,5368,7868,9958;
1412,5865,6463,5386,1993;
2041,7053,4530,8133,406;
2987,4552,850,3219,6816;
5851,40,8967,9534,4779;
259,1540,9640,4178,2901;
2027,2016,9068,1581,4916;
6051,464,318,3728,5011;
7232,8549,7657,7880,4779;
8030,1433,7870,2092,9462;
3262,9337,8876,7049,7878;
7902,3957,6718,6226,7053;
2388,842,7347,4300,6687;
4805,342,47,8719,879;
5616,8859,3503,9124,1773;
4745,1225,8197,337,3430;
4395,251,2298,7262,6361;
7258,111,3236,5225,8388;
2360,3157,4205,5966,859;
8325,6568,2118,9952,1154;
5824,1294,4627,3507,400;
3023,7939,5720,4730,9725;
9366,7530,954,2122,6593;
1946,2639,9525,3679,1827;
9387,7439,357,1705,4449;
8730,953,59,5264,7645;
2828,6321,7142,1963,6652;
278,5597,3329,3583,3660;
7950,4734,3549,5468,4627;
261,9844,4511,2002,1993;
2924,6506,9450,191,575;
2411,2481,6063,2771,4915;
4212,1794,6767,1582,5272;
2035,4666,6984,420,4265;
6491,8044,8932,470,5605;
7874,9505,7119,3514,3270;
1918,9111,9050,6245,9429;
4605,5787,7117,2232,3374;
1001,6753,5810,2627,992;
8234,9349,6597,6893,1520;
8863,2424,9741,7834,4264;
8350,2786,7337,7646,4577;
4788,2359,2268,8661,4768;
499,7257,1905,997,2233;
8919,6914,2340,7012,7612;
756,9405,5037,8596,6780;
7492,5908,5684,8771,2036;
1688,7357,4552,2125,8028;
7878,5026,8282,6459,4536;
1921,7310,2021,4537,9829;
3507,5264,4540,4985,9651;
6760,3809,5361,4391,7782;
535,738,4971,5838,3218;
5369,680,8241,269,4663;
9255,7903,8773,442,1412;
6043,2498,1721,6609,8142;
6952,3758,6675,5030,5913;
8883,260,3347,622,5665;
9238,7519,8011,6942,6848;
8800,6221,6911,2047,816;
4697,6896,4440,6051,6273;
8991,4361,8197,8333,3304;
3141,8374,6358,2476,4275;
7639,956,2913,2697,2221;
7746,7754,9247,8147,4706;
2051,6354,267,969,1728;
8812,7461,6520,4103,4122;
4521,371,6223,3426,724;
6789,8610,6343,1294,7968;
1200,6718,2887,4684,8925;
3084,6753,2600,9588,3645;
6584,6697,9614,7163,9053;
914,8093,8670,7078,6448;
6415,1873,7727,4861,3132;
5552,3856,627,5756,6386;
1829,4888,2593,4794,8140;
3915,5371,9598,8218,3804;
5180,5315,2150,1874,5709;
2352,3491,9805,7640,1811;
9815,8236,4354,1386,8654;
6282,7964,5733,706,4728;
9834,2089,9386,8524,359;
9668,3382,9514,1475,592;
5247,5751,6236,3679,2838;
3405,1201,1354,4628,4455;
7131,8382,4571,8891,2713;
6808,2736,3666,2467,739;
3393,9971,3293,6550,5235;
3279,5353,3207,7434,9858;
1545,5026,5959,9491,376;
2239,2614,1928,5729,5517;
5945,2536,4750,4599,6948;
4237,4027,9986,6485,1346;
9420,6079,160,5256,7360;
637,4210,4216,620,9912;
7895,5130,7215,2844,3647;
141,1482,3612,462,3218;
778,6476,4209,5354,3417;
1680,231,2133,5645,3380;
1980,3059,7575,6940,172;
4324,1926,3401,6491,3635;
3188,9384,3533,7890,8543;
4617,1791,8505,1054,1003;
6067,9555,6254,1932,6362;
210,5479,2588,4433,1625;
974,2520,4206,5212,6519;
6612,2222,2975,7281,9020;
937,4881,3578,6124,4081;
8263,2891,6479,9193,5075;
9660,3865,4126,445,1315;
4781,9846,9682,8822,4537;
5218,8806,735,3480,5440;
7377,9141,5484,8218,9174;
3372,8401,1092,9066,2232;
9117,5939,8480,3977,5657;
8952,7786,4541,7085,4313;
4327,6926,7944,9344,322;
3384,485,4379,3292,5590;
4631,1501,9662,8317,7423;
9586,4103,8768,2978,8844;
9299,4423,2618,8602,1996;
436,6152,8247,2594,8921;
2860,8503,8997,7572,9871;
9054,2020,6858,4257,7389;
5381,2278,2685,2302,855;
4743,481,9200,5301,7741;
3353,9454,9418,1917,1511;
8032,1396,9161,2574,1535;
8094,9405,5803,4951,6289;
409,8262,4037,490,976;
6507,9325,3472,3576,9412;
656,2162,2758,978,5422;
3242,2057,6988,4342,7726;
9226,5969,7393,9877,486;
7186,733,2947,1223,8500;
1342,4851,9074,1669,8219;
5230,7987,8499,1005,6416;
4306,3187,3847,8846,7094;
6503,9405,3061,7013,2986;
9939,6044,7859,9110,1535;
5477,214,4198,3268,4215;
9604,2892,6535,403,9216;
8570,1714,5878,2073,3249;
279,667,305,3704,9192;
4860,9442,4715,4458,2206;
3420,6447,2531,7257,4478;
4408,1123,9021,6676,6217;
3488,5749,7216,452,6220;
8184,6556,186,9195,3724;
2435,8559,1186,4261,7981;
8570,392,2852,2967,2828;
3651,3588,4733,681,9342;
3189,9358,7020,7570,4910;
3482,8948,2211,9817,8973;
4795,4145,1041,5466,4480;
7863,1462,8550,683,6073;
8199,3995,2376,3713,8389;
8296,111,8253,3859,4007;
6918,3118,6479,6439,5097;
467,4932,6568,9382,6612;
7032,6020,4734,9577,227;
4323,2522,9706,8266,9120;
3845,4206,7417,4421,5904;
8670,3978,5074,7976,792;
3485,3336,2710,7461,6570;
1259,2117,431,7645,3155;
1491,8401,8109,8893,2244;
291,7330,2333,3493,5148;
9103,6347,6042,7267,1479;
9993,9284,1889,1614,142;
2310,8833,8557,3369,5144;
4922,6738,9761,3916,7219;
2195,3076,2208,803,2734;
8950,8066,6369,54,821;
8307,9234,9391,1681,8710;
6837,4689,2118,1138,8290;
4474,2413,9470,5823,7021;
4293,1277,3983,3262,2664;
796,1132,5664,7193,2658;
4203,3347,9862,839,4072;
3892,6991,7601,4878,6989;
2852,9675,1878,5089,1231;
128,3814,2596,2943,4767;
617,9796,1038,9040,3049;
1442,5922,5480,5500,739;
8373,1245,9757,7786,3925;
1443,7920,8501,9342,5561;
7397,5692,6349,9459,373;
5115,9061,6115,6729,8201;
8912,9369,8920,5593,8236;
8265,8504,4701,2329,2059;
3743,5526,143,9630,4369;
6974,1279,7482,3916,2511;
5418,8439,6761,2741,5144;
7007,9391,7860,4654,1812;
1726,9588,1817,2226,9088;
9697,1980,1071,47,877;
830,3037,9535,856,8420;
3403,1425,8389,9433,7995;
8075,3546,6206,7597,3701;
7227,2048,4698,3802,4521;
9818,2602,550,1167,9298;
8340,6289,1837,2380,4026;
4085,869,4082,7757,6816;
3144,9636,9684,7903,7360;
9652,9606,2552,3793,1565;
8169,4273,2458,6556,8;
9896,7817,4476,6398,9806;
7350,2206,3223,3874,2469;
9870,6226,1223,6118,2531;
7573,1105,9336,4061,235;
2823,700,7327,9633,273;
3212,6122,9658,7713,3796;
7087,4049,3586,31,1760;
3735,3754,1628,5356,3256;
7968,3594,2344,6243,5704;
3289,3283,9530,3935,1484;
1050,6028,7213,359,5193;
7559,6156,5813,2866,4768;
9499,7558,3387,6901,9745;
4198,6236,9156,1487,9461;
8819,8865,9143,340,9121;
4914,4334,84,6437,114;
5712,7220,3409,458,9323;
8524,5638,6801,8745,9392;
6310,77,2653,6091,7991;
3550,2947,7660,2351,1025;
7556,3553,6572,2129,2615;
7771,2395,3208,5745,7671;
5903,5780,4497,1269,3318;
1064,4832,96,6785,9179;
3121,7907,8101,2476,8452;
1348,7969,335,9022,4242;
1962,3191,9415,5643,474;
1120,581,6494,4925,742;
500,6707,24,8611,964;
649,5300,2428,6740,4914;
5763,8487,9678,6843,4528;
9059,1252,9846,6381,5503;
1164,5269,9991,3970,2642;
2153,9138,6103,1407,7277;
7308,5288,157,291,5108;
3528,1696,3516,3372,4183;
5212,2092,1407,8432,3566;
7108,1165,5895,5748,1353;
6056,8666,4755,2888,3708;
9202,3525,4053,4302,1780;
9800,6046,4872,9338,4216;
8624,1899,8958,4760,260;
3560,6238,1623,8573,6052;
3533,1702,9192,7973,1519;
1023,4392,4194,4094,1734;
4361,5062,4212,7303,635;
9471,9810,6995,1446,6273;
6897,8937,9552,5102,7094;
1036,701,757,7753,2802;
9174,1814,617,3324,4055;
559,974,4971,9155,6597;
5660,125,9230,9167,6838;
3490,9559,2428,6820,7197;
9940,4051,4338,5450,8007;
9121,4177,5244,4932,8327;
623,5940,7199,9780,3348;
6834,1314,1071,1693,2867;
5225,2350,1818,9074,16;
2118,2948,6159,3635,1033;
7534,6867,9052,5734,2733;
1040,9180,4004,571,2484;
7891,4149,7144,5329,9524;
5140,6754,3888,613,4385;
962,307,2700,1656,6136;
9613,598,5041,889,1922;
5223,3823,6659,5253,5835;
4798,3991,8645,7952,5157;
1659,1982,9107,3314,4358;
7983,2991,9799,8022,7053;
5823,3794,1217,4099,1726;
4018,5208,9426,6280,754;
7247,6864,8776,4689,9237;
7256,683,3577,290,4852;
9542,9395,9745,8530,6470;
2124,2587,165,5822,282;
9031,8609,9585,9944,8865;
6731,1336,2147,1765,7552;
3469,9220,8817,7305,7168;
7063,2127,5161,6883,7776;
5725,6020,7342,2494,5872;
8608,9555,5448,5950,9814;
5986,4323,2187,3209,5828;
5980,5231,9479,3419,9597;
8508,1038,6862,4054,1996;
9791,8869,4650,6081,6151;
8779,1750,4678,5320,9164;
175,26,8856,3617,5605;
384,8163,3129,1183,917;
5270,8154,4205,2149,3278;
4418,2771,2470,6580,1308;
2755,2783,1920,5015,4139;
7039,2718,2956,9307,5595;
7075,3674,5711,6179,8045;
7041,8716,4877,2980,1967;
657,3521,5070,5988,9584;
4746,7582,7280,16,5941;
5147,3554,217,6611,4853;
7246,5202,3796,3497,4676;
7903,7088,3218,7865,9173;
7895,4101,1942,3111,7684;
1249,6530,9113,1399,3046;
4289,9281,6268,4693,1026;
2492,4114,134,8379,485;
8159,178,6526,8030,4042;
6904,3077,3833,6496,2170;
9647,8910,7711,961,3936;
4873,1041,423,9078,9558;
1828,8319,5464,1501,3112;
4576,8680,1616,911,5226;
8083,2843,7942,4124,1457;
8749,4402,5758,8977,3347;
1518,9783,8393,3050,4381;
7256,9748,1924,5208,9646;
2772,8050,6819,94,6066;
3051,1107,6647,954,9035;
9902,1516,8414,9084,9029;
8435,5298,6396,1610,288;
8008,7374,2710,2773,2277;
6071,6032,5850,6182,3476;
4592,5013,3401,3890,753;
3064,6708,5157,5351,8840;
9639,9079,8421,576,9330;
2775,1620,2968,6409,5941;
802,4353,1007,7648,6007;
2727,4734,7119,351,9793;
7713,3444,2069,4087,1626;
7595,405,9023,4968,8961;
2780,4975,1367,2257,5289;
58,8250,7554,687,9651;
590,1933,1412,8493,9114;
7851,8634,3807,1077,574;
4467,1778,2329,8596,6693;
9581,4880,939,7221,448;
1366,2299,678,7373,7502;
9576,4256,6372,5285,1773;
5629,263,3210,8612,7651;
614,9868,489,7399,5796;
8247,5390,3304,8582,3329;
1760,3717,5810,5145,6613;
9602,165,6941,8362,3379;
5406,1126,2427,9880,4574;
2805,1873,2516,1078,4968;
561,7354,2626,1985,5038;
279,9185,8735,2745,5934;
9408,6337,9618,1302,9584;
6199,6592,388,2775,6809;
8413,6987,3308,8295,8717;
6912,1136,9704,4887,1390;
9840,1484,7148,2296,6978;
3485,4841,1409,2232,9434;
8585,2373,2524,7832,9970;
2294,2137,7929,5384,8492;
8703,674,4154,3540,9011;
5221,8548,2446,4669,7387;
7150,8235,7670,8498,7387;
8613,4766,7299,8823,1926;
966,8628,9631,1517,5271;
8901,6856,2603,2354,3954;
3160,2378,9854,9234,2821;
4664,5794,265,3529,2007;
8044,8113,9141,3105,5116;
8498,1378,1666,3194,634;
3367,1855,207,5115,5604;
6871,7579,1815,3127,3991;
5268,8993,6182,3646,2701;
4611,2649,84,8886,7588;
7388,3628,8477,8568,9129;
6641,6625,1780,9272,1692;
2211,3526,4453,4844,6970;
718,7604,3649,1408,7333;
3277,770,8986,2935,1220;
221,4265,5696,7446,1368;
8863,6600,6494,6411,9408;
5504,8148,545,1362,1825;
8317,5569,4927,4970,7300;
4438,2752,2862,8745,1277;
258,8466,3963,8417,2865;
9097,8632,1142,213,8636;
1764,608,9179,5197,1784;
5046,9373,5929,5805,6121;
8906,9143,7039,8454,4732;
5984,7703,3811,7893,8297;
1455,9816,2786,9403,8949;
9075,1251,290,8902,2483;
4045,5606,6795,1891,462;
6488,9160,8066,4315,1306;
6039,9157,8216,518,6153;
1944,3174,1688,153,7003;
9685,7092,9789,1564,1548;
5779,7132,1401,3294,2706;
4630,8397,5233,1783,4198;
2990,2096,7730,7208,4054;
4915,5757,3363,347,1368;
4282,3137,9480,315,7;
1171,545,2081,3610,2523;
6958,2047,7277,5475,7706;
2237,7540,735,3371,721;
6899,2468,1405,2147,8775;
8298,9166,3520,2364,7628;
8138,5500,4483,4535,7978;
8946,516,8090,5536,9523;
7907,5546,7867,6651,7611;
1633,3856,6289,9897,6702;
7700,8124,7877,7365,5916;
7542,206,4757,4148,3716;
4909,8561,4825,5019,6701;
9848,7331,3410,5160,2767;
4306,831,5010,1696,758;
268,1439,8658,3118,8297;
8016,730,3103,9178,1430;
4,4157,9418,2452,9329;
1908,7230,1484,851,7814;
5662,3624,1692,8945,6254;
1199,3155,1138,7480,6009;
1981,8220,3097,2296,1416;
8509,2780,2657,6302,2384;
583,7876,3711,7674,1483;
1542,145,7340,2674,4404;
2633,9099,9653,7491,7700;
3101,1105,348,4718,6122;
2458,9497,6893,8035,6672;
6667,2954,4220,8751,4389;
1342,25,5664,5578,1066;
509,1020,2481,3417,5395;
4804,4829,2973,1816,1317;
8937,2967,1302,3718,7956;
4520,1643,6643,7645,1818;
1711,1908,4865,9866,1422;
523,9591,778,2114,1082;
5143,1565,6670,5665,8075;
5571,6473,7577,3945,8222;
9899,6254,2712,9876,1720;
939,3326,3769,207,159;
115,149,4784,657,2011;
2511,8342,6095,7269,76;
1725,5912,5926,7705,115;
384,7028,586,7540,7654;
9869,6931,4663,5012,1952;
6211,314,338,9585,9092;
1303,858,8848,7735,5137;
5459,9454,8411,3941,448;
1705,3607,6203,5410,5979;
9689,1983,6238,2876,274;
4296,62,7284,2386,4922;
6055,1735,6969,2533,1456;
114,7196,1326,9539,2046;
3527,816,557,8926,3499;
9033,6789,7857,9222,1684;
9789,7257,4302,9558,1523;
5557,6066,1343,7794,4323;
6105,8934,6977,9670,9206;
1762,5097,637,2785,2642;
9592,7866,7117,3017,3611;
4402,913,5866,3440,986;
2850,8602,3126,4322,5926;
9348,8184,545,162,4135;
2860,7563,5723,4189,7985;
2976,4316,4639,7013,5382;
51,2619,7476,382,8405;
3195,7619,6131,4885,1438;
8377,9422,2083,3442,9487;
7943,9677,211,4904,3222;
2097,890,6931,9943,3523;
2375,9459,7165,3028,9360;
5902,51,4453,3980,3067;
3496,6212,9437,887,6259;
8449,372,2188,4275,9136;
9873,2062,5346,510,1127;
5761,6969,9055,5369,9351;
9355,607,665,1289,8207;
2069,7530,819,6731,9818;
7227,4069,2660,9244,532;
4362,3796,5609,6829,299;
4879,1226,2696,6953,3705;
1854,9980,5443,1846,7421;
7390,7206,6344,2753,8700;
662,4117,850,7818,8001;
5715,4946,7634,4032,5239;
4329,2483,5209,1795,9444;
7745,7438,2838,6909,7257;
5808,8458,5294,1111,6144;
8730,1515,690,1497,4817;
1260,6886,2709,3081,7709;
8762,6119,7512,7273,5822;
4933,2891,5962,2297,3439;
5908,3187,7749,3034,1300;
1624,8713,1650,144,3799;
1168,6541,6848,8837,3887;
5734,4333,4487,8353,6742;
8691,3322,4407,8720,2642;
6425,7027,1047,3292,7771;
1872,7890,4081,5912,7242;
7470,3619,5581,3631,1552;
6833,1328,9473,3089,6399;
1699,9242,775,2742,7902;
9796,8673,2395,3340,9026;
6121,6957,6236,4274,569;
7017,7834,6503,6013,6540;
7315,6484,1255,1396,3331;
7096,9613,6861,2477,1889;
3011,9404,3864,2641,2607;
2551,2532,385,8781,7195;
3739,1959,1008,8903,3969;
4269,6840,8202,370,8639;
9139,7871,7984,4628,5213;
7535,7724,1128,7369,8093;
326,2798,3072,1259,875;
6186,1352,4916,8389,6321;
6430,309,6520,8330,9702;
8082,7366,940,7625,7700;
8718,7920,1959,5040,1460;
512,8988,7072,5324,216;
1176,7813,613,8545,1107;
5366,7213,889,2662,2776;
6591,5908,542,9385,5475;
159,4731,715,4251,2378;
8449,4072,1258,1635,5208;
7881,158,6827,580,4743;
953,5162,6938,1296,9361;
4089,3441,8169,7807,8363;
3045,4100,1803,5579,1652;
3869,6664,1485,4722,997;
6383,2364,7770,2454,6196;
9726,825,9781,819,6339;
1239,658,8724,8012,9646;
574,1624,3373,4196,4221;
3495,5294,5907,6230,7126;
2802,7550,6713,3088,1323;
7253,1215,2505,7187,3423;
7138,7094,8583,9840,7796;
893,118,7748,593,9153;
3813,3652,4292,1561,4182;
8915,7877,1540,8134,9319;
1374,7693,5595,994,4080;
6020,4876,2806,6,5934;
8170,959,5875,2249,291;
8544,7310,2465,7544,6131;
6826,3487,9726,8117,512;
8400,3387,7138,9773,7279;
4809,8034,7379,6840,4914;
9256,9612,3763,4950,7111;
8114,4582,9683,10,7550;
5671,3404,5327,2236,3198;
1545,1182,8795,6226,880;
5044,4003,9009,267,914;
3809,5027,3926,5529,4254;
9958,453,5884,6074,1611;
4095,3050,237,8064,4510;
3193,6892,7375,6930,4500;
4566,2620,752,6531,5096;
723,3104,5529,9569,4137;
10,7513,585,4660,158;
7424,3457,1244,3602,4155;
8160,5589,6308,9504,1067;
5248,1123,6280,9276,5745;
1727,8714,9863,1948,6679;
8483,5398,2654,4057,2380;
7871,2465,6706,1171,3847;
9329,4040,7161,2753,2259;
6138,5717,7,9261,3751;
1778,8095,852,4205,6698;
3302,4116,7030,4746,9277;
3570,3177,8871,3473,7513;
806,6535,7960,4915,8279;
9137,3920,7209,1510,9653;
5738,2457,101,3781,2465;
8267,6054,2928,70,3800;
9126,4582,4688,4268,1713;
2800,9219,8642,6507,6158;
9344,2865,1779,7722,9000;
3501,9676,6848,7352,3421;
5834,1393,465,5466,6870;
9768,9604,6922,5111,4565;
4611,7173,2935,2277,7771;
9582,7993,7729,3858,1000;
7850,3878,5423,6845,6066;
6044,3815,3952,8039,7023;
2246,3618,7720,5647,2262;
2064,3425,7730,5553,6352;
934,9160,5114,278,9174;
4881,3617,2250,9807,4008;
939,1758,3024,6573,1106;
3194,2467,7443,8416,6883;
2827,554,1370,1319,8166;
9901,4447,9435,72,8733;
111,7616,7431,5600,8268;
2214,3068,5160,8198,7255;
569,1205,9446,6090,6960;
9233,4733,1168,4022,5013;
1700,9135,6635,4430,854;
8878,9899,9928,98,6111;
3847,174,2940,5969,9332;
1910,541,2796,8227,4530;
6664,5149,4516,1181,9990;
303,3714,1293,9854,5177;
4646,8893,8150,7543,5343;
2076,2815,6348,2735,6706;
5957,740,3227,7840,2329;
7024,4418,6164,2319,2968;
5341,5691,2448,9493,4392;
7751,1805,7786,5491,153;
5948,3776,4415,526,1439;
7245,5026,1286,8029,3280;
936,4280,70,473,4198;
6838,6101,6228,2899,8163;
556,1402,6895,3772,3084;
